trade_time,order_fill_time,btype,symbol,order_price,order_volume,side,volume,vwap,amount,fee,net_amount,cash_balance,posi_balance,posi_vwap,multiplier,margin_ratio,margin_change_amount
2025-01-01 08:00:00,,银证转入,,0.0,0,-,0,0.0,1000000.0,0.0,1000000.0,1000000.0,0,0.0,1,1,0
2025-01-06 09:30:00,2025-01-06 09:30:00,买入开仓,SHSE.603881,14.67656707763672,13600,多,13600,14.678034734344482,-199621.272387084,239.54552686450197,-199860.817913949,800139.1820860505,13600,14.695648376025696,1,1,0
2025-01-06 09:30:00,2025-01-06 09:30:00,买入开仓,SHSE.688088,34.113136291503906,5861,多,5861,34.11654760513306,-199957.085513684,239.9485026164218,-200197.034016301,599942.1480697492,5861,34.15748746225922,1,1,0
2025-01-06 09:30:00,2025-01-06 09:30:00,买入开仓,SZSE.300253,6.483160495758057,30800,多,30800,6.4838088118076325,-199701.311403675,239.64157368441008,-199940.952977359,400001.1950923897,30800,6.491589382381802,1,1,0
2025-01-06 09:30:00,2025-01-06 09:30:00,买入开仓,SHSE.600602,13.256945610046388,15000,多,15000,13.25827130460739,-198874.06956911,238.64888348293303,-199112.718452593,200888.4766397959,15000,13.27418123017292,1,1,0
2025-01-06 09:30:00,2025-01-06 09:30:00,买入开仓,SHSE.688343,42.58000183105469,4692,多,4692,42.584259831237794,-199805.347128167,239.76641655380124,-200045.113544721,843.3630950743682,4692,42.63536094303528,1,1,0
2025-01-13 09:30:00,2025-01-13 09:30:00,卖出平仓,SHSE.688088,36.21302032470703,370,多,-370,36.20939902267456,13397.477638389588,16.076973166067503,13381.40066522352,14224.763760297888,5491,34.15748746225922,1,1,0
2025-01-13 09:30:00,2025-01-13 09:30:00,卖出平仓,SHSE.688343,43.34000015258789,200,多,-200,43.33566615257264,8667.133230514528,10.400559876617432,8656.73267063791,22881.4964309358,4492,42.63536094303528,1,1,0
2025-01-20 09:30:00,2025-01-20 09:30:00,卖出平仓,SHSE.688088,44.533294677734375,5491,多,-5491,44.5288413482666,244507.86784333191,293.4094414119983,244214.45840191992,267095.9548328557,0,34.15748746225922,1,1,0
2025-01-20 09:30:00,2025-01-20 09:30:00,买入开仓,SZSE.300253,6.503139972686768,2400,多,2400,6.503790286684036,-15609.0966880416,18.73091602565002,-15627.8276040673,251468.1272287884,33200,6.493035559681531,1,1,0
2025-01-20 09:30:00,2025-01-20 09:30:00,买入开仓,SHSE.600602,13.396702766418455,1100,多,1100,13.398042436695098,-14737.8466803646,17.68541601643753,-14755.532096381,236712.59513240732,16100,13.28374227012266,1,1,0
2025-01-20 09:30:00,2025-01-20 09:30:00,买入开仓,SHSE.688343,44.5,390,多,390,44.50445,-17356.7355,20.8280826,-17377.5635826,219335.03154980732,4882,42.78893997105991,1,1,0
2025-01-20 09:30:00,2025-01-20 09:30:00,买入开仓,SHSE.688561,23.93000030517578,9032,多,9032,23.932393305206297,-216157.376332623,259.3888515991479,-216416.765184222,2918.2663655849174,9032,23.961112177172545,1,1,0
2025-01-27 09:30:00,2025-01-27 09:30:00,卖出平仓,SHSE.688561,25.040000915527344,9032,多,-9032,25.037496915435792,226138.67214021608,271.36640656825926,225867.3057336478,228785.57209923276,0,23.961112177172545,1,1,0
2025-01-27 09:30:00,2025-01-27 09:30:00,买入开仓,SHSE.603881,16.50594139099121,300,多,300,16.50759198513031,-4952.27759553909,5.942733114646912,-4958.22032865374,223827.351770579,13900,14.735182607381525,1,1,0
2025-01-27 09:30:00,2025-01-27 09:30:00,买入开仓,SZSE.300253,6.52311897277832,1800,多,1800,6.523771284675598,-11742.788312416,14.09134597489929,-11756.8796583909,212070.47211218803,35000,6.495018863994795,1,1,0
2025-01-27 09:30:00,2025-01-27 09:30:00,买入开仓,SHSE.600602,13.576390266418455,700,多,700,13.5777479054451,-9504.42353381156,11.40530824057388,-9515.82884205214,202554.6432701359,16800,13.296671392323034,1,1,0
2025-01-27 09:30:00,2025-01-27 09:30:00,卖出平仓,SHSE.688343,48.29999923706055,200,多,-200,48.29516923713684,9659.033847427369,11.59084061691284,9647.443006810454,212202.08627694636,4682,42.78893997105991,1,1,0
2025-02-05 09:30:00,2025-02-05 09:30:00,卖出平仓,SHSE.688343,53.90999984741211,4682,多,-4682,53.90460884742737,252381.3786236549,302.8576543483859,252078.52096930653,464280.6072462528,0,42.78893997105991,1,1,0
2025-02-05 09:30:00,2025-02-05 09:30:00,卖出平仓,SHSE.603881,18.16069221496582,1200,多,-1200,18.158876145744323,21790.651374893187,26.14878164987182,21764.50259324332,486045.10983949614,12700,14.735182607381525,1,1,0
2025-02-05 09:30:00,2025-02-05 09:30:00,卖出平仓,SHSE.600602,14.934029579162598,1100,多,-1100,14.932536176204682,16425.78979382515,19.71094775259018,16406.07884607256,502451.1886855687,15700,13.296671392323034,1,1,0
2025-02-05 09:30:00,2025-02-05 09:30:00,买入开仓,SZSE.002402,18.101675033569336,13200,多,13200,18.103485201072694,-238966.004654159,286.75920558499143,-239252.763859744,263198.4248258241,13200,18.125209383313983,1,1,0
2025-02-05 09:30:00,2025-02-05 09:30:00,卖出平仓,SZSE.300253,7.831738471984863,4500,多,-4500,7.830955298137665,35239.29884161949,42.28715860994339,35197.01168300955,298395.43650883366,30500,6.495018863994795,1,1,0
2025-02-05 09:30:00,2025-02-05 09:30:00,买入开仓,SHSE.603613,25.862035751342773,9500,多,9500,25.864621954917908,-245713.90857172,294.8566902860641,-246008.765262006,52386.67124682746,9500,25.89565950126381,1,1,0
2025-02-10 09:30:00,2025-02-10 09:30:00,卖出平仓,SZSE.300253,9.999451637268066,30500,多,-30500,9.99845169210434,304952.7766091824,365.9433319310188,304586.83327725134,356973.5045240788,0,6.495018863994795,1,1,0
2025-02-10 09:30:00,2025-02-10 09:30:00,买入开仓,SHSE.603881,20.53887939453125,400,多,400,20.538878823775484,-8215.55152951019,9.858661835412232,-8225.4101913456,348748.0943327332,13100,14.913147275197783,1,1,0
2025-02-10 09:30:00,2025-02-10 09:30:00,买入开仓,SZSE.002402,19.01670455932617,1200,多,1200,19.018606229782105,-22822.3274757385,27.38679297088623,-22849.7142687094,325898.3800640238,14400,18.20156098114264,1,1,0
2025-02-10 09:30:00,2025-02-10 09:30:00,买入开仓,SHSE.600602,17.18012237548828,300,多,300,17.18184038772583,-5154.55211631774,6.185462539581298,-5160.73757885733,320737.64248516643,16000,13.36990490239556,1,1,0
2025-02-10 09:30:00,2025-02-10 09:30:00,买入开仓,SHSE.603613,26.53999137878418,900,多,900,26.542645377922057,-23888.3808401298,28.66605700815582,-23917.046897138,296820.59558802843,10400,25.954405015302328,1,1,0
2025-02-10 09:30:00,2025-02-10 09:30:00,买入开仓,SZSE.000997,20.675037384033203,13400,多,13400,20.677104887771605,-277073.205496139,332.4878465953674,-277405.693342734,19414.902245293542,13400,20.70191741363693,1,1,0
2025-02-17 09:30:00,2025-02-17 09:30:00,卖出平仓,SHSE.600602,21.083335876464844,16000,多,-16000,21.0812275428772,337299.6406860352,404.75956882324215,336894.8811172119,356309.78336250543,0,13.36990490239556,1,1,0
2025-02-17 09:30:00,2025-02-17 09:30:00,卖出平仓,SZSE.000997,23.29791641235352,13400,多,-13400,23.29558662071228,312160.86071754456,374.5930328610535,311786.2676846835,668096.0510471889,0,20.70191741363693,1,1,0
2025-02-17 09:30:00,2025-02-17 09:30:00,买入开仓,SZSE.002402,20.090869903564453,1800,多,1800,20.09287899055481,-36167.1821829986,43.40061861959838,-36210.5828016182,631885.4682455707,16200,18.41438647716495,1,1,0
2025-02-17 09:30:00,2025-02-17 09:30:00,买入开仓,SHSE.688088,50.476348876953125,6491,多,6491,50.48139651184082,-327674.744758358,393.2096937100305,-328067.954452068,303817.5137935019,6491,50.54197418765503,1,1,0
2025-02-17 09:30:00,2025-02-17 09:30:00,买入开仓,SHSE.603613,29.51103401184082,700,多,700,29.513985115242004,-20659.7895806694,24.79174749680328,-20684.5813281662,283132.9324653357,11100,26.181116530388323,1,1,0
2025-02-17 09:30:00,2025-02-17 09:30:00,卖出平仓,SHSE.603881,31.19082260131836,2600,多,-2600,31.18770351905823,81088.0291495514,97.30563497946169,80990.72351457193,364123.6559799076,10500,14.913147275197783,1,1,0
2025-02-17 09:30:00,2025-02-17 09:30:00,买入开仓,SZSE.002439,18.600000381469727,17900,多,17900,18.601860381507876,-332973.30082899,399.5679609947891,-333372.868789985,30750.787189921888,17900,18.624182613965683,1,1,0
2025-02-24 09:30:00,2025-02-24 09:30:00,卖出平仓,SHSE.603881,35.33186340332031,10500,多,-10500,35.32833021697998,370947.4672782897,445.1369607339477,370502.33031755575,401253.1175074776,0,14.913147275197783,1,1,0
2025-02-24 09:30:00,2025-02-24 09:30:00,卖出平仓,SZSE.002439,19.6200008392334,17900,多,-17900,19.618038839149477,351162.8952207756,421.3954742649306,350741.4997465107,751994.6172539883,0,18.624182613965683,1,1,0
2025-02-24 09:30:00,2025-02-24 09:30:00,买入开仓,SZSE.002402,21.32417106628418,300,多,300,21.32630348339081,-6397.89104501724,7.67746925402069,-6405.56851427126,745589.048739717,16500,18.46779572389961,1,1,0
2025-02-24 09:30:00,2025-02-24 09:30:00,买入开仓,SHSE.603613,28.633678436279297,1200,多,1200,28.636541804122924,-34363.8501649475,41.23662019793701,-34405.0867851454,711183.9619545715,12300,26.42402278637852,1,1,0
2025-02-24 09:30:00,2025-02-24 09:30:00,买入开仓,SHSE.688088,52.50689315795898,223,多,223,52.51214384727478,-11710.2080779422,14.05224969353073,-11724.2603276358,699459.7016269357,6714,50.609504733348906,1,1,0
2025-02-24 09:30:00,2025-02-24 09:30:00,买入开仓,SZSE.002410,13.747363090515137,25500,多,25500,13.748737826824188,-350592.814584016,420.7113775008201,-351013.525961517,348446.1756654181,25500,13.76523631221638,1,1,0
2025-03-03 09:30:00,2025-03-03 09:30:00,卖出平仓,SZSE.002410,13.114391326904297,25500,多,-25500,13.113079887771606,334383.537138176,401.2602445658112,333982.2768936102,682428.4525590283,0,13.76523631221638,1,1,0
2025-03-03 09:30:00,2025-03-03 09:30:00,买入开仓,SHSE.603613,26.968698501586918,200,多,200,26.971395371437072,-5394.27907428741,6.473134889144897,-5400.75220917655,677027.7003498517,12500,26.43329859853059,1,1,0
2025-03-03 09:30:00,2025-03-03 09:30:00,买入开仓,SHSE.688088,48.65381240844727,229,多,229,48.65867778968811,-11142.8372138385,13.371404656606291,-11156.2086184951,665871.4917313566,6943,50.547086763387554,1,1,0
2025-03-03 09:30:00,2025-03-03 09:30:00,买入开仓,SHSE.603881,28.330347061157227,11900,多,11900,28.33318009586334,-337164.843140773,404.59781176892847,-337569.440952542,328302.0507788139,11900,28.36717991197838,1,1,0
2025-03-10 09:30:00,2025-03-10 09:30:00,买入开仓,SZSE.002402,21.32417106628418,300,多,300,21.32630348339081,-6397.89104501724,7.67746925402069,-6405.56851427126,321896.4822645426,16800,18.519297497536595,1,1,0
2025-03-10 09:30:00,2025-03-10 09:30:00,买入开仓,SHSE.603613,27.955724716186523,300,多,300,27.958520288658143,-8387.55608659744,10.06506730391693,-8397.62115390135,313498.8611106413,12800,26.469832315276072,1,1,0
2025-03-10 09:30:00,2025-03-10 09:30:00,卖出平仓,SHSE.688088,52.764427185058594,200,多,-200,52.75915074234009,10551.830148468018,12.66219617816162,10539.167952289856,324038.02906293113,6743,50.547086763387554,1,1,0
2025-03-10 09:30:00,2025-03-10 09:30:00,卖出平仓,SHSE.603881,30.400867462158203,200,多,-200,30.39782737541199,6079.565475082398,7.295478570098877,6072.269996512299,330110.2990594434,11700,28.36717991197838,1,1,0
2025-03-17 09:30:00,2025-03-17 09:30:00,卖出平仓,SHSE.603881,34.10118865966797,11700,多,-11700,34.097778540802004,398944.00892738346,478.7328107128601,398465.2761166706,728575.575176114,0,28.36717991197838,1,1,0
2025-03-17 09:30:00,2025-03-17 09:30:00,买入开仓,SHSE.688088,49.19859313964844,717,多,717,49.2035129989624,-35278.918820256,42.33470258430725,-35321.2535228403,693254.3216532737,7460,50.42362728798427,1,1,0
2025-03-17 09:30:00,2025-03-17 09:30:00,卖出平仓,SZSE.002402,22.995094299316406,900,多,-900,22.992794789886474,20693.515310897827,24.83221837307739,20668.68309252475,713923.0047457984,15900,18.519297497536595,1,1,0
2025-03-17 09:30:00,2025-03-17 09:30:00,卖出平仓,SHSE.603613,29.610734939575195,500,多,-500,29.60777386608124,14803.886933040618,17.76466431964874,14786.122268720968,728709.1270145194,12300,26.469832315276072,1,1,0
2025-03-17 09:30:00,2025-03-17 09:30:00,买入开仓,SZSE.002405,9.350000381469728,39000,多,39000,9.350935381507874,-364686.479878807,437.62377585456846,-365124.103654661,363585.0233598577,39000,9.362156503965684,1,1,0
2025-03-24 09:30:00,2025-03-24 09:30:00,买入开仓,SZSE.002402,20.65778923034668,900,多,900,20.659855009269712,-18593.8695083427,22.312643410011287,-18616.1821517527,344968.841208105,16800,18.63529835491575,1,1,0
2025-03-24 09:30:00,2025-03-24 09:30:00,买入开仓,SZSE.002405,8.859999656677246,100,多,100,8.860885656642914,-886.088565664291,1.0633062787971497,-887.151871943088,344081.6893361619,39100,9.360901675872244,1,1,0
2025-03-31 09:30:00,2025-03-31 09:30:00,卖出平仓,SZSE.002405,8.760000228881836,39100,多,-39100,8.759124228858948,342481.7573483849,410.9781088180618,342070.7792395668,686152.4685757287,0,9.360901675872244,1,1,0
2025-03-31 09:30:00,2025-03-31 09:30:00,买入开仓,SZSE.002402,19.76265335083008,300,多,300,19.764629616165163,-5929.38888484954,7.115266661819458,-5936.50415151136,680215.9644242174,17100,18.65552728152608,1,1,0
2025-03-31 09:30:00,2025-03-31 09:30:00,卖出平仓,SHSE.688088,46.17753982543945,200,多,-200,46.17292207145691,9234.58441429138,11.081501297149655,9223.502912994232,689439.4673372116,7260,50.42362728798427,1,1,0
2025-03-31 09:30:00,2025-03-31 09:30:00,买入开仓,SHSE.603613,26.27080345153809,500,多,500,26.27343053188324,-13136.7152659416,15.76405831912994,-13152.4793242607,676286.9880129509,12800,26.463391937668472,1,1,0
2025-03-31 09:30:00,2025-03-31 09:30:00,买入开仓,SZSE.002439,16.469999313354492,20400,多,20400,16.471646313285827,-336021.58479103,403.225901749237,-336424.81069278,339862.1773201708,20400,16.491412288861767,1,1,0
2025-03-31 09:30:00,2025-03-31 09:30:00,买入开仓,SHSE.688343,57.34000015258789,5878,多,5878,57.34573415260315,-337078.225349001,404.4938704188015,-337482.71921942,2379.458100750693,5878,57.41454903358627,1,1,0
2025-04-14 09:30:00,2025-04-14 09:30:00,卖出平仓,SHSE.688343,54.59000015258789,5878,多,-5878,54.58454115257263,320847.9328948219,385.0175194737863,320462.9153753481,322842.3734760988,0,57.41454903358627,1,1,0
2025-04-14 09:30:00,2025-04-14 09:30:00,买入开仓,SZSE.002402,17.902753829956055,100,多,100,17.90454410533905,-1790.4544105339,2.1485452926406854,-1792.60295582654,321049.77052027226,17200,18.65128601569317,1,1,0
2025-04-14 09:30:00,2025-04-14 09:30:00,卖出平仓,SHSE.688088,43.04753112792969,200,多,-200,43.043226374816896,8608.645274963379,10.330374329956054,8598.314900633422,329648.08542090567,7060,50.42362728798427,1,1,0
2025-04-14 09:30:00,2025-04-14 09:30:00,卖出平仓,SHSE.603613,24.536033630371094,100,多,-100,24.533580027008057,2453.3580027008056,2.9440296032409665,2450.413973097565,332098.49939400324,12700,26.463391937668472,1,1,0
2025-04-14 09:30:00,2025-04-14 09:30:00,买入开仓,SHSE.603881,25.37840461730957,12300,多,12300,25.3809424577713,-312185.592230587,374.62271067670434,-312560.214941263,19538.28445273958,12300,25.411399588720624,1,1,0
2025-04-14 09:30:00,2025-04-14 09:30:00,卖出平仓,SZSE.002439,15.550000190734863,200,多,-200,15.54844519071579,3109.6890381431585,3.731626845771789,3105.957411297387,22644.241864036965,20200,16.491412288861767,1,1,0
2025-04-21 09:30:00,2025-04-21 09:30:00,卖出平仓,SHSE.603613,26.68954086303711,12700,多,-12700,26.68687190895081,338923.27324367524,406.7079278924102,338516.56531578285,361160.8071798198,0,26.463391937668472,1,1,0
2025-04-21 09:30:00,2025-04-21 09:30:00,卖出平仓,SZSE.002402,19.026649475097656,500,多,-500,19.02474681015015,9512.373405075074,11.414848086090087,9500.958556988984,370661.7657368088,16700,18.65128601569317,1,1,0
2025-04-21 09:30:00,2025-04-21 09:30:00,买入开仓,SZSE.002439,15.140000343322754,800,多,800,15.141514343357086,-12113.2114746856,14.5358537696228,-12127.7473284552,358534.0184083535,21000,16.440679788736333,1,1,0
2025-04-21 09:30:00,2025-04-21 09:30:00,买入开仓,SHSE.688343,53.91999816894531,5923,多,5923,53.925390168762206,-319400.085969578,383.28010316349423,-319783.366072742,38750.65233561146,5923,53.99010063696472,1,1,0
2025-04-28 09:30:00,2025-04-28 09:30:00,卖出平仓,SHSE.688343,52.45000076293945,5923,多,-5923,52.44475576286316,310630.2883834385,372.7563460601261,310257.53203737835,349008.1843729898,0,53.99010063696472,1,1,0
2025-04-28 09:30:00,2025-04-28 09:30:00,买入开仓,SHSE.603613,23.27981948852539,13700,多,13700,23.282147470474243,-318965.420345497,382.7585044145965,-319348.178849911,29660.005523078085,13700,23.31008604743881,1,1,0
2025-04-28 09:30:00,2025-04-28 09:30:00,买入开仓,SHSE.688088,43.38430404663086,313,多,313,43.388642477035525,-13580.6450953121,16.29677411437454,-13596.9418694264,16063.063653651592,7373,50.12718710465149,1,1,0
2025-04-28 09:30:00,2025-04-28 09:30:00,买入开仓,SZSE.002402,18.89735221862793,300,多,300,18.899241953849792,-5669.77258615493,6.803727103385925,-5676.57631325832,10386.487340393269,17000,18.65606192796084,1,1,0
2025-04-28 09:30:00,2025-04-28 09:30:00,买入开仓,SHSE.603881,25.67775535583496,100,多,100,25.680323131370542,-2568.03231313705,3.0816387757644645,-2571.11395191281,7815.37338848045,12400,25.41381684622391,1,1,0
2025-04-28 09:30:00,2025-04-28 09:30:00,买入开仓,SZSE.002439,15.270000457763672,100,多,100,15.271527457809448,-1527.15274578094,1.8325832949371332,-1528.98532907588,6286.388059404568,21100,16.435225634717483,1,1,0
2025-05-06 09:30:00,2025-05-06 09:30:00,卖出平仓,SHSE.603881,29.020523071289062,12400,多,-12400,29.01762101898193,359818.500635376,431.7822007624511,359386.7184346135,365673.10649401805,0,25.41381684622391,1,1,0
2025-05-06 09:30:00,2025-05-06 09:30:00,买入开仓,SHSE.603613,23.917896270751957,300,多,300,23.92028806037903,-7176.0864181137,8.61130370173645,-7184.69772181544,358488.4087722026,14000,23.323776897980512,1,1,0
2025-05-06 09:30:00,2025-05-06 09:30:00,卖出平仓,SZSE.002402,20.090869903564453,200,多,-200,20.088860816574098,4017.7721633148194,4.821326595977783,4012.9508367188414,362501.3596089215,16800,18.65606192796084,1,1,0
2025-05-06 09:30:00,2025-05-06 09:30:00,卖出平仓,SHSE.688088,46.82137298583984,200,多,-200,46.81669084854126,9363.338169708251,11.236005803649904,9352.1021639046,371853.461772826,7173,50.12718710465149,1,1,0
2025-05-06 09:30:00,2025-05-06 09:30:00,买入开仓,SZSE.002439,15.829999923706056,400,多,400,15.831582923698424,-6332.63316947937,7.599159803375243,-6340.23232928274,365513.2294435433,21500,16.42434852194519,1,1,0
2025-05-06 09:30:00,2025-05-06 09:30:00,买入开仓,SZSE.002405,8.489999771118164,40300,多,40300,8.490848771095276,-342181.205475139,410.6174465701675,-342591.822921709,22921.4065218335,40300,8.501037789620591,1,1,0
2025-05-12 09:30:00,2025-05-12 09:30:00,卖出平仓,SZSE.002405,8.539999961853027,40300,多,-40300,8.539145961856843,344127.58226283075,412.9530987153969,343714.6291641153,366636.03568594885,0,8.501037789620591,1,1,0
2025-05-12 09:30:00,2025-05-12 09:30:00,买入开仓,SHSE.603613,23.95777702331543,200,多,200,23.96017280101776,-4792.03456020355,5.750441472244262,-4797.78500167579,361838.2506842731,14200,23.33314518122556,1,1,0
2025-05-12 09:30:00,2025-05-12 09:30:00,买入开仓,SHSE.688088,45.16722106933594,398,多,398,45.17173779144287,-17978.3516409942,21.574021969193115,-17999.9256629634,343838.3250213096,7571,49.86953358402174,1,1,0
2025-05-12 09:30:00,2025-05-12 09:30:00,卖出平仓,SZSE.002402,20.717464447021484,300,多,-300,20.715392700576786,6214.617810173035,7.457541372207641,6207.160268800827,350045.4852901104,16500,18.65606192796084,1,1,0
2025-05-12 09:30:00,2025-05-12 09:30:00,买入开仓,SHSE.688343,54.650001525878906,6256,多,6256,54.655466526031496,-341924.598586853,410.3095183042236,-342334.908105157,7710.577184953145,6256,54.721053085862735,1,1,0
2025-05-12 09:30:00,2025-05-12 09:30:00,卖出平仓,SZSE.002439,15.960000038146973,100,多,-100,15.958404038143158,1595.8404038143158,1.9150084845771789,1593.9253953297386,9304.502580282884,21400,16.42434852194519,1,1,0
2025-05-19 09:30:00,2025-05-19 09:30:00,卖出平仓,SZSE.002439,15.369999885559082,21400,多,-21400,15.368462885570526,328885.10575120925,394.6621269014511,328490.4436243078,337794.94620459067,0,16.42434852194519,1,1,0
2025-05-19 09:30:00,2025-05-19 09:30:00,卖出平仓,SHSE.603613,23.788286209106445,300,多,-300,23.785907380485536,7135.772214145662,8.562926656974792,7127.209287488687,344922.1554920793,13900,23.33314518122556,1,1,0
2025-05-19 09:30:00,2025-05-19 09:30:00,买入开仓,SZSE.002402,18.976919174194336,900,多,900,18.97881686611176,-17080.9351795005,20.497122215400697,-17101.4323017159,327820.7231903633,17400,18.673934144429303,1,1,0
2025-05-26 09:30:00,2025-05-26 09:30:00,卖出平仓,SHSE.688088,43.24563217163086,200,多,-200,43.2413076084137,8648.26152168274,10.377913826019286,8637.88360785672,336458.60679822,7371,49.86953358402174,1,1,0
2025-05-26 09:30:00,2025-05-26 09:30:00,卖出平仓,SZSE.002402,18.979999542236328,500,多,-500,18.978101542282104,9489.050771141052,11.38686092536926,9477.663910215682,345936.2707084357,16900,18.673934144429303,1,1,0
2025-05-26 09:30:00,2025-05-26 09:30:00,买入开仓,SHSE.688343,49.47999954223633,268,多,268,49.48494754219056,-13261.965941307,15.91435912956848,-13277.8803004366,332658.39040799905,6524,54.50839797755884,1,1,0
2025-05-26 09:30:00,2025-05-26 09:30:00,买入开仓,SHSE.603881,24.771385192871094,13000,多,13000,24.77386233139038,-322060.210308074,386.4722523696899,-322446.682560444,10211.707847554411,13000,24.80359096618805,1,1,0
2025-06-03 09:30:00,2025-06-03 09:30:00,卖出平仓,SHSE.603613,23.329668045043945,300,多,-300,23.32733507823944,6998.200523471832,8.397840628166197,6989.802682843666,17201.510530398078,13600,23.33314518122556,1,1,0
2025-06-03 09:30:00,2025-06-03 09:30:00,买入开仓,SHSE.603881,23.806804656982425,300,多,300,23.80918533744812,-7142.75560123443,8.571306721481323,-7151.32690795591,10050.18362244216,13300,24.78180522318801,1,1,0
2025-06-03 09:30:00,2025-06-03 09:30:00,卖出平仓,SZSE.002402,18.86000061035156,100,多,-100,18.858114610290528,1885.811461029053,2.262973753234863,1883.5484872758177,11933.732109717976,16800,18.673934144429303,1,1,0
2025-06-09 09:30:00,2025-06-09 09:30:00,买入开仓,SHSE.603613,23.86804580688477,200,多,200,23.870432611465453,-4774.08652229309,5.728903826751708,-4779.81542611984,7153.916683598135,13800,23.34134709353532,1,1,0
2025-06-09 09:30:00,2025-06-09 09:30:00,卖出平仓,SHSE.688343,51.040000915527344,200,多,-200,51.0348969154358,10206.97938308716,12.24837525970459,10194.731007827451,17348.647691425587,6324,54.50839797755884,1,1,0
2025-06-09 09:30:00,2025-06-09 09:30:00,卖出平仓,SHSE.688088,45.5238037109375,200,多,-200,45.519251330566405,9103.85026611328,10.924620319335936,9092.925645793945,26441.57333721953,7171,49.86953358402174,1,1,0
2025-06-09 09:30:00,2025-06-09 09:30:00,卖出平仓,SHSE.603881,25.66944122314453,400,多,-400,25.666874279022217,10266.749711608889,12.320099653930663,10254.429611954956,36696.002949174486,12900,24.78180522318801,1,1,0
2025-06-16 09:30:00,2025-06-16 09:30:00,买入开仓,SHSE.688343,46.970001220703125,488,多,488,46.9746982208252,-22923.6527317626,27.508383278115232,-22951.1611150408,13744.841834133673,6812,53.97273486863226,1,1,0
2025-06-16 09:30:00,2025-06-16 09:30:00,卖出平仓,SHSE.603613,23.41939926147461,100,多,-100,23.417057321548462,2341.7057321548464,2.8100468785858155,2338.8956852762603,16083.737519409931,13700,23.34134709353532,1,1,0
2025-06-16 09:30:00,2025-06-16 09:30:00,买入开仓,SZSE.002402,18.3700008392334,600,多,600,18.371837839317323,-11023.1027035903,13.227723244308471,-11036.3304268347,5047.407092575231,17400,18.66427724443948,1,1,0
2025-06-16 09:30:00,2025-06-16 09:30:00,卖出平仓,SHSE.688088,44.949310302734375,200,多,-200,44.9448153717041,8988.963074340822,10.786755689208984,8978.176318651613,14025.583411226844,6971,49.86953358402174,1,1,0
2025-06-23 09:30:00,2025-06-23 09:30:00,卖出平仓,SZSE.002402,20.59000015258789,17400,多,-17400,20.587941152572636,358230.1760547638,429.8762112657165,357800.29984349804,371825.8832547249,0,18.66427724443948,1,1,0
2025-06-23 09:30:00,2025-06-23 09:30:00,买入开仓,SHSE.603613,21.156221389770508,1200,多,1200,21.158337011909484,-25390.0044142913,30.468005297149656,-25420.4724195885,346405.4108351364,14900,23.167579033625668,1,1,0
2025-06-23 09:30:00,2025-06-23 09:30:00,买入开仓,SHSE.603881,23.416940689086918,600,多,600,23.41928238315582,-14051.5694298934,16.861883315872188,-14068.4313132093,332336.979521927,13500,24.722497680913683,1,1,0
2025-06-23 09:30:00,2025-06-23 09:30:00,卖出平仓,SHSE.688343,47.79999923706055,200,多,-200,47.79521923713684,9559.043847427369,11.470852616912842,9547.572994810454,341884.5525167375,6612,53.97273486863226,1,1,0
2025-06-23 09:30:00,2025-06-23 09:30:00,买入开仓,SHSE.688088,43.8282470703125,316,多,316,43.83262989501953,-13851.1110468261,16.621333256191402,-13867.7323800823,328016.8201366551,7287,49.61002483797144,1,1,0
2025-06-23 09:30:00,2025-06-23 09:30:00,买入开仓,SZSE.002439,15.260000228881836,20900,多,20900,15.261526228904724,-318965.898184108,382.7590778209304,-319348.657261929,8668.162874725473,20900,15.279840060379408,1,1,0
2025-06-30 09:30:00,2025-06-30 09:30:00,卖出平仓,SHSE.603613,23.618797302246094,800,多,-800,23.61643542251587,18893.148338012696,22.671778005615234,18870.47656000708,27538.63943473255,14100,23.167579033625668,1,1,0
2025-06-30 09:30:00,2025-06-30 09:30:00,买入开仓,SHSE.688343,49.41999816894531,256,多,256,49.424940168762205,-12652.7846832031,15.183341619843748,-12667.9680248229,14870.671409909584,6868,53.80542967038722,1,1,0
2025-06-30 09:30:00,2025-06-30 09:30:00,卖出平仓,SHSE.603881,25.535757064819336,200,多,-200,25.533203489112854,5106.6406978225705,6.127968837387084,5100.512728985184,19971.184138894765,13300,24.722497680913683,1,1,0
2025-06-30 09:30:00,2025-06-30 09:30:00,卖出平仓,SHSE.688088,48.0616569519043,200,多,-200,48.056850786209104,9611.37015724182,11.533644188690184,9599.83651305313,29571.020651947896,7087,49.61002483797144,1,1,0
2025-06-30 09:30:00,2025-06-30 09:30:00,买入开仓,SZSE.002439,15.989999771118164,500,多,500,15.991598771095276,-7995.79938554763,9.594959262657165,-8005.39434481029,21565.6263071376,21400,15.296918299380373,1,1,0
2025-07-07 09:30:00,2025-07-07 09:30:00,买入开仓,SHSE.603613,23.06048011779785,400,多,400,23.06278616580963,-9225.11446632385,11.07013735958862,-9236.18460368344,12329.44170345416,14500,23.165451653641743,1,1,0
2025-07-07 09:30:00,2025-07-07 09:30:00,买入开仓,SHSE.688343,47.5099983215332,200,多,200,47.51474932136536,-9502.94986427307,11.403539837127688,-9514.3534041102,2815.088299343961,7068,53.62903853711512,1,1,0
2025-07-14 09:30:00,2025-07-14 09:30:00,卖出平仓,SHSE.603881,26.76507377624512,400,多,-400,26.76239726886749,10704.958907546996,12.845950689056396,10692.11295685794,13507.2012562019,12900,24.722497680913683,1,1,0
2025-07-21 09:30:00,2025-07-21 09:30:00,买入开仓,SHSE.603613,23.290000915527344,300,多,300,23.292329915618897,-6987.69897468566,8.385238769622802,-6996.08421345529,6511.1170427466095,14800,23.168590080490578,1,1,0
2025-07-21 09:30:00,2025-07-21 09:30:00,卖出平仓,SHSE.688343,51.29999923706055,308,多,-308,51.29486923713685,15798.819725038147,18.958583670045776,15779.8611413681,22290.978184114712,6760,53.62903853711512,1,1,0
2025-07-21 09:30:00,2025-07-21 09:30:00,买入开仓,SHSE.688088,45.90013122558594,459,多,459,45.9047212387085,-21070.2670485672,25.28432045828064,-21095.5513690254,1195.4268150892312,7546,49.38799329389466,1,1,0
2025-07-21 09:30:00,2025-07-21 09:30:00,卖出平仓,SHSE.603881,26.875009536743164,100,多,-100,26.87232203578949,2687.232203578949,3.2246786442947384,2684.007524934654,3879.434340023885,12800,24.722497680913683,1,1,0
2025-07-21 09:30:00,2025-07-21 09:30:00,买入开仓,SZSE.002439,16.040000915527344,100,多,100,16.041604915618898,-1604.16049156188,1.9249925898742677,-1606.08548415176,2273.348855872121,21500,15.300471492599614,1,1,0
2025-07-28 09:30:00,2025-07-28 09:30:00,卖出平仓,SHSE.603613,24.5,200,多,-200,24.49755,4899.51,5.879411999999999,4893.630588,7166.979443872121,14600,23.168590080490578,1,1,0
2025-07-28 09:30:00,2025-07-28 09:30:00,卖出平仓,SHSE.688088,48.17123031616211,200,多,-200,48.166413193130495,9633.2826386261,11.559939166351317,9621.722699459748,16788.70214333187,7346,49.38799329389466,1,1,0
2025-07-28 09:30:00,2025-07-28 09:30:00,买入开仓,SZSE.002439,16.209999084472656,600,多,600,16.211620084381103,-9726.97205062866,11.672366460754391,-9738.64441708941,7050.057726242454,22100,15.325736719818153,1,1,0
2025-07-28 09:30:00,2025-07-28 09:30:00,卖出平仓,SHSE.688343,55.02999877929688,241,多,-241,55.02449577941895,13260.903482839967,15.91308417940796,13244.99039866056,20295.048124903013,6519,53.62903853711512,1,1,0
2025-08-04 09:30:00,2025-08-04 09:30:00,卖出平仓,SHSE.688343,59.95000076293945,6519,多,-6519,59.94400576286316,390774.9735681049,468.92996828172585,390306.0435998232,410601.0917247262,0,53.62903853711512,1,1,0
2025-08-04 09:30:00,2025-08-04 09:30:00,买入开仓,SHSE.603613,23.68000030517578,700,多,700,23.6823683052063,-16577.6578136444,19.893189376373293,-16597.5510030207,394003.5407217054,15300,23.1933964822342,1,1,0
2025-08-04 09:30:00,2025-08-04 09:30:00,买入开仓,SHSE.603881,26.13542366027832,1100,多,1100,26.138037202644348,-28751.8409229087,34.502209107490536,-28786.3431320162,365217.1975896892,13900,24.83700096746125,1,1,0
2025-08-04 09:30:00,2025-08-04 09:30:00,卖出平仓,SHSE.688088,49.82474899291992,200,多,-200,49.81976651802063,9963.953303604128,11.956743964324948,9951.9965596398,375169.194149329,7146,49.38799329389466,1,1,0
2025-08-04 09:30:00,2025-08-04 09:30:00,买入开仓,SZSE.002405,8.539999961853027,42700,多,42700,8.540853961849212,-364694.464170961,437.6333570051536,-365132.097527966,10037.096621362492,42700,8.55110298660343,1,1,0
2025-08-04 09:30:00,2025-08-04 09:30:00,卖出平仓,SZSE.002439,16.899999618530273,500,多,-500,16.89830961856842,8449.15480928421,10.13898577114105,8439.01582351307,18476.11244487556,21600,15.325736719818153,1,1,0
2025-08-11 09:30:00,2025-08-11 09:30:00,卖出平仓,SHSE.603613,23.520000457763672,100,多,-100,23.517648457717897,2351.7648457717896,2.8221178149261474,2348.942727956864,20825.055172832424,15200,23.1933964822342,1,1,0
2025-08-11 09:30:00,2025-08-11 09:30:00,卖出平仓,SHSE.603881,26.05546760559082,100,多,-100,26.05286205883026,2605.286205883026,3.126343447059631,2602.1598624359663,23427.21503526839,13800,24.83700096746125,1,1,0
2025-08-11 09:30:00,2025-08-11 09:30:00,买入开仓,SHSE.688088,48.75892639160156,227,多,227,48.763802284240725,-11069.3831185226,13.283259742227171,-11082.6663782648,12344.548657003515,7373,49.370577303192206,1,1,0
2025-08-11 09:30:00,2025-08-11 09:30:00,买入开仓,SZSE.002439,16.450000762939453,300,多,300,16.451645763015748,-4935.49372890472,5.922592474685668,-4941.41632137941,7403.132335624107,21900,15.341430569381348,1,1,0
2025-08-11 09:30:00,2025-08-11 09:30:00,卖出平仓,SZSE.002405,8.539999961853027,400,多,-400,8.539145961856843,3415.6583847427373,4.098790061691284,3411.559594681046,10814.691930305153,42300,8.55110298660343,1,1,0
2025-08-18 09:30:00,2025-08-18 09:30:00,卖出平仓,SHSE.603613,24.3799991607666,100,多,-100,24.37756116085053,2437.756116085053,2.925307339302063,2434.830808745751,13249.522739050904,15100,23.1933964822342,1,1,0
2025-08-18 09:30:00,2025-08-18 09:30:00,买入开仓,SZSE.002439,16.700000762939453,300,多,300,16.70167076301575,-5010.50122890472,6.012601474685669,-5016.51383037941,8233.008908671492,22200,15.360083031523915,1,1,0
2025-08-18 09:30:00,2025-08-18 09:30:00,卖出平仓,SHSE.603881,28.594053268432617,800,多,-800,28.591193863105776,22872.95509048462,27.447546108581545,22845.50754437604,31078.51645304753,13000,24.83700096746125,1,1,0
2025-08-18 09:30:00,2025-08-18 09:30:00,卖出平仓,SHSE.688088,51.747215270996094,200,多,-200,51.742040549469,10348.4081098938,12.418089731872556,10335.990020161926,41414.506473209454,7173,49.370577303192206,1,1,0
2025-08-18 09:30:00,2025-08-18 09:30:00,买入开仓,SZSE.002405,8.850000381469727,400,多,400,8.850885381507874,-3540.35415260314,4.248424983123779,-3544.60257758627,37869.90389562318,42700,8.554010747328133,1,1,0
2025-08-25 09:30:00,2025-08-25 09:30:00,卖出平仓,SZSE.002405,9.579999923706056,42700,多,-42700,9.579041923713683,409025.0901425743,490.8301081710891,408534.2600344032,446404.1639300264,0,8.554010747328133,1,1,0
2025-08-25 09:30:00,2025-08-25 09:30:00,买入开仓,SZSE.002439,17.1299991607666,900,多,900,17.131712160682678,-15418.5409446144,18.50224913353729,-15437.0431937479,430967.1207362784,23100,15.429908506215536,1,1,0
2025-08-25 09:30:00,2025-08-25 09:30:00,买入开仓,SHSE.688088,53.072021484375,283,多,283,53.07732868652344,-15020.8840182861,18.02506082194336,-15038.909079108,415928.2116571703,7456,49.51368831476741,1,1,0
2025-08-25 09:30:00,2025-08-25 09:30:00,买入开仓,SHSE.600131,18.53807258605957,21300,多,21300,18.539926393318176,-394900.432177677,473.8805186132126,-395374.31269629,20553.898960879946,21300,18.56217430499016,1,1,0
2025-08-25 09:30:00,2025-08-25 09:30:00,卖出平仓,SHSE.603881,31.18260955810547,300,多,-300,31.17949129714966,9353.847389144898,11.224616866973877,9342.622772277924,29896.521733157868,12700,24.83700096746125,1,1,0
2025-09-01 09:30:00,2025-09-01 09:30:00,卖出平仓,SHSE.603881,36.63956451416016,12700,多,-12700,36.63590055770874,465275.93708290096,558.3311244994811,464717.6059584015,494614.1276915593,0,24.83700096746125,1,1,0
2025-09-01 09:30:00,2025-09-01 09:30:00,卖出平仓,SHSE.688088,61.30974197387695,7456,多,-7456,61.30361099967956,457079.7236136109,548.495668336333,456531.2279452745,951145.3556368338,0,49.51368831476741,1,1,0
2025-09-01 09:30:00,2025-09-01 09:30:00,买入开仓,SZSE.002439,16.93000030517578,2400,多,2400,16.9316933052063,-40636.0639324951,48.76327671899414,-40684.8272092141,910460.5284276196,25500,15.573165243246782,1,1,0
2025-09-01 09:30:00,2025-09-01 09:30:00,卖出平仓,SHSE.603613,29.59000015258789,500,多,-500,29.58704115257263,14793.520576286315,17.752224691543578,14775.768351594772,925236.2967792144,14600,23.1933964822342,1,1,0
2025-09-01 09:30:00,2025-09-01 09:30:00,买入开仓,SHSE.600131,17.919803619384766,2900,多,2900,17.921595599746706,-51972.6272392654,62.367152687118526,-52034.9943919525,873201.302387262,24200,18.487987896208388,1,1,0
2025-09-01 09:30:00,2025-09-01 09:30:00,买入开仓,SZSE.300253,10.0,43400,多,43400,10.001,-434043.399999999,520.8520799999999,-434564.252079999,438637.0503072621,43400,10.013001199999998,1,1,0
2025-09-01 09:30:00,2025-09-01 09:30:00,买入开仓,SZSE.002405,9.380000114440918,46200,多,46200,9.380938114452364,-433399.340887699,520.079209065239,-433919.420096764,4717.630210497649,46200,9.392195240189706,1,1,0
2025-09-08 09:30:00,2025-09-08 09:30:00,卖出平仓,SHSE.603613,31.56999969482422,14600,多,-14600,31.56684269485473,460875.9033448792,553.0510840138548,460322.8522608653,465040.482471363,0,23.1933964822342,1,1,0
2025-09-08 09:30:00,2025-09-08 09:30:00,买入开仓,SZSE.002439,16.059999465942383,700,多,700,16.061605465888977,-11243.1238261222,13.49174859134674,-11256.6155747136,453783.86689664936,26200,15.58673012509567,1,1,0
2025-09-08 09:30:00,2025-09-08 09:30:00,买入开仓,SZSE.002405,8.880000114440918,1300,多,1300,8.880888114452363,-11545.154548788,13.854185458545686,-11559.0087342466,442224.8581624028,47500,9.3784932385476,1,1,0
2025-09-08 09:30:00,2025-09-08 09:30:00,买入开仓,SZSE.300253,9.5600004196167,800,多,800,9.56095641965866,-7648.76513572692,9.178518162872312,-7657.9436538898,434566.91450851294,44200,10.005027052802934,1,1,0
2025-09-08 09:30:00,2025-09-08 09:30:00,卖出平仓,SHSE.600131,17.70041847229004,300,多,-300,17.69864843044281,5309.594529132843,6.371513434959411,5303.223015697883,439870.1375242109,23900,18.487987896208388,1,1,0
2025-09-08 09:30:00,2025-09-08 09:30:00,买入开仓,SHSE.688615,156.69000244140625,2716,多,2716,156.7056714416504,-425612.603635522,510.73512436262695,-426123.338759885,13746.798764325737,2716,156.89371824738038,1,1,0
2025-09-15 09:30:00,2025-09-15 09:30:00,卖出平仓,SZSE.002405,9.550000190734863,47500,多,-47500,9.54904519071579,453579.646559,544.2955758708,453035.3509831292,466782.14974745497,0,9.3784932385476,1,1,0
2025-09-15 09:30:00,2025-09-15 09:30:00,买入开仓,SZSE.002439,15.789999961853027,1100,多,1100,15.791578961849211,-17370.7368580341,20.84488422964096,-17391.5817422637,449390.5680051912,27300,15.595747656401842,1,1,0
2025-09-15 09:30:00,2025-09-15 09:30:00,买入开仓,SZSE.300253,9.380000114440918,1700,多,1700,9.380938114452364,-15947.594794569,19.13711375348282,-15966.7319083225,433423.8360968687,45900,9.982329578261702,1,1,0
2025-09-15 09:30:00,2025-09-15 09:30:00,买入开仓,SHSE.600131,17.47106170654297,600,多,600,17.472808812713623,-10483.6852876281,12.580422345153808,-10496.2657099733,422927.5703868953,24500,18.46363985425934,1,1,0
2025-09-22 09:30:00,2025-09-22 09:30:00,卖出平仓,SHSE.688615,157.60000610351562,2716,多,-2716,157.58424610290527,427998.81241549074,513.5985748985888,427485.2138405921,850412.7842274874,0,156.89371824738038,1,1,0
2025-09-22 09:30:00,2025-09-22 09:30:00,买入开仓,SZSE.300253,9.020000457763672,1100,多,1100,9.020902457809449,-9922.99270359039,11.90759124430847,-9934.9002948347,840477.8839326527,47000,9.96008144546908,1,1,0
2025-09-22 09:30:00,2025-09-22 09:30:00,买入开仓,SHSE.600131,17.211788177490234,100,多,100,17.213509356307984,-1721.35093563079,2.065621122756958,-1723.41655675355,838754.4673758991,24600,18.458641991305186,1,1,0
2025-09-22 09:30:00,2025-09-22 09:30:00,买入开仓,SHSE.603613,29.989999771118164,14000,多,14000,29.99299877109528,-419901.982795333,503.8823793544007,-420405.865174688,418348.6022012108,14000,30.02899036962059,1,1,0
2025-09-29 09:30:00,2025-09-29 09:30:00,卖出平仓,SZSE.002439,15.539999961853027,300,多,-300,15.538445961856842,4661.533788557053,5.593840546268463,4655.939948010785,423004.5421492216,27000,15.595747656401842,1,1,0
2025-09-29 09:30:00,2025-09-29 09:30:00,卖出平仓,SZSE.300253,9.029999732971191,400,多,-400,9.029096732997894,3611.638693199158,4.333966431838989,3607.304726767319,426611.8468759889,46600,9.96008144546908,1,1,0
2025-09-29 09:30:00,2025-09-29 09:30:00,买入开仓,SHSE.603613,29.040000915527344,400,多,400,29.04290491561889,-11617.1619662475,13.94059435949707,-11631.102560607,414980.7443153818,14400,30.00256720383996,1,1,0
2025-09-29 09:30:00,2025-09-29 09:30:00,卖出平仓,SHSE.600131,17.600698471069336,700,多,-700,17.59893840122223,12319.256880855562,14.783108257026674,12304.473772598536,427285.2180879804,23900,18.458641991305186,1,1,0
2025-10-09 09:30:00,2025-10-09 09:30:00,卖出平仓,SZSE.002439,15.920000076293944,400,多,-400,15.918408076286315,6367.363230514527,7.640835876617431,6359.722394637909,433644.9404826183,26600,15.595747656401842,1,1,0
2025-10-09 09:30:00,2025-10-09 09:30:00,卖出平仓,SZSE.300253,9.399999618530272,1400,多,-1400,9.39905961856842,13158.68346599579,15.790420159194946,13142.893045836594,446787.8335284549,45200,9.96008144546908,1,1,0
2025-10-09 09:30:00,2025-10-09 09:30:00,卖出平仓,SHSE.600131,18.597904205322266,1000,多,-1000,18.596044414901733,18596.04441490173,22.31525329788208,18573.729161603853,465361.5626900587,22900,18.458641991305186,1,1,0
2025-10-09 09:30:00,2025-10-09 09:30:00,买入开仓,SHSE.600602,20.950000762939453,20500,多,20500,20.95209576301575,-429517.963141822,515.4215557701874,-430033.384697593,35328.17799246567,20500,20.977238277931367,1,1,0
2025-10-09 09:30:00,2025-10-09 09:30:00,卖出平仓,SHSE.603613,31.420000076293945,700,多,-700,31.41685807628632,21991.800653400423,26.390160784080507,21965.41049261634,57293.588485082015,13700,30.00256720383996,1,1,0
2025-10-13 09:30:00,2025-10-13 09:30:00,买入开仓,SZSE.002439,15.770000457763672,500,多,500,15.771577457809448,-7885.78872890472,9.462946474685667,-7895.25167537941,49398.3368097026,27100,15.599340934895514,1,1,0
2025-10-13 09:30:00,2025-10-13 09:30:00,买入开仓,SZSE.300253,9.029999732971191,2200,多,2200,9.030902732944488,-19867.9860124778,23.841583214973447,-19891.8275956928,29506.509214009755,47400,9.917457994322683,1,1,0
2025-10-13 09:30:00,2025-10-13 09:30:00,买入开仓,SHSE.603613,29.86000061035156,600,多,600,29.8629866104126,-17917.7919662475,21.501350359497067,-17939.293316607,11567.2158974027,14300,29.99821426637864,1,1,0
2025-10-13 09:30:00,2025-10-13 09:30:00,买入开仓,SHSE.600131,18.318687438964844,300,多,300,18.32051930770874,-5496.15579231262,6.595386950775146,-5502.75117926339,6064.464718139304,23200,18.45714020604104,1,1,0
2025-10-20 09:30:00,2025-10-20 09:30:00,卖出平仓,SHSE.600131,17.74030876159668,23200,多,-23200,17.73853473072052,411534.0057527161,493.8408069032592,411040.1649458128,417104.62966395216,0,18.45714020604104,1,1,0
2025-10-20 09:30:00,2025-10-20 09:30:00,卖出平仓,SZSE.002439,15.1899995803833,100,多,-100,15.188480580425262,1518.848058042526,1.8226176696510312,1517.025440372875,418621.655104325,27000,15.599340934895514,1,1,0
2025-10-20 09:30:00,2025-10-20 09:30:00,买入开仓,SZSE.300253,8.65999984741211,100,多,100,8.66086584739685,-866.086584739685,1.039303901687622,-867.125888641372,417754.5292156837,47500,9.914834417253404,1,1,0
2025-10-20 09:30:00,2025-10-20 09:30:00,买入开仓,SHSE.688088,49.06999969482422,8391,多,8391,49.0749066947937,-411787.542076014,494.1450504912168,-412281.687126505,5472.842089178448,8391,49.13379658282746,1,1,0
2025-10-27 09:30:00,2025-10-27 09:30:00,卖出平仓,SZSE.002439,15.34000015258789,100,多,-100,15.338466152572632,1533.846615257263,1.840615938308716,1532.0059993189543,7004.848088497402,26900,15.599340934895514,1,1,0
2025-10-27 09:30:00,2025-10-27 09:30:00,卖出平仓,SZSE.300253,8.770000457763672,500,多,-500,8.769123457717896,4384.561728858948,5.261474074630738,4379.300254784318,11384.14834328172,47000,9.914834417253404,1,1,0
2025-10-27 09:30:00,2025-10-27 09:30:00,卖出平仓,SHSE.688088,53.27999877929688,648,多,-648,53.27467077941895,34521.98666506348,41.42638399807617,34480.5602810654,45864.70862434712,7743,49.13379658282746,1,1,0
2025-11-03 09:30:00,2025-11-03 09:30:00,卖出平仓,SHSE.600602,19.979999542236328,20500,多,-20500,19.978001542282104,409549.0316167831,491.4588379401397,409057.572778843,454922.2814031901,0,20.977238277931367,1,1,0
2025-11-03 09:30:00,2025-11-03 09:30:00,卖出平仓,SZSE.300253,9.039999961853027,200,多,-200,9.039095961856844,1807.8191923713684,2.169383030845642,1805.6498093405228,456727.93121253065,46800,9.914834417253404,1,1,0
2025-11-03 09:30:00,2025-11-03 09:30:00,买入开仓,SHSE.603613,29.38999938964844,100,多,100,29.392938389587403,-2939.29383895874,3.527152606750488,-2942.82099156549,453785.1102209652,14400,29.99425590283194,1,1,0
2025-11-03 09:30:00,2025-11-03 09:30:00,买入开仓,SZSE.002405,9.0,47400,多,47400,9.0009,-426642.66,511.9711919999999,-427154.631192,26630.47902896517,47400,9.01170108,1,1,0
2025-11-03 09:30:00,2025-11-03 09:30:00,买入开仓,SHSE.688088,53.20000076293945,284,多,284,53.20532076301575,-15110.3110966964,18.132373316035764,-15128.4434700125,11502.035558952664,8027,49.28010843538626,1,1,0
2025-11-10 09:30:00,2025-11-10 09:30:00,卖出平仓,SZSE.002405,8.9399995803833,47400,多,-47400,8.939105580425263,423713.60451215744,508.4563254145889,423205.14818674285,434707.1837456955,0,9.01170108,1,1,0
2025-11-10 09:30:00,2025-11-10 09:30:00,买入开仓,SZSE.300253,8.289999961853027,2400,多,2400,8.290828961849213,-19897.9895084381,23.87758741012573,-19921.8670958482,414785.31664984726,49200,9.836099955758284,1,1,0
2025-11-10 09:30:00,2025-11-10 09:30:00,买入开仓,SHSE.600602,19.270000457763672,21200,多,21200,19.271927457809447,-408564.86210556,490.2778345266723,-409055.139940086,5730.17670976033,21200,19.295053770758816,1,1,0
2025-11-10 09:30:00,2025-11-10 09:30:00,卖出平仓,SHSE.603613,29.049999237060547,300,多,-300,29.04709423713684,8714.128271141051,10.45695392536926,8703.671317215681,14433.848026976011,14100,29.99425590283194,1,1,0
2025-11-17 09:30:00,2025-11-17 09:30:00,卖出平仓,SZSE.300253,8.09000015258789,500,多,-500,8.089191152572631,4044.595576286316,4.8535146915435785,4039.742061594772,18473.59008857078,48700,9.836099955758284,1,1,0
2025-11-17 09:30:00,2025-11-17 09:30:00,卖出平仓,SZSE.002439,15.100000381469728,700,多,-700,15.09849038143158,10568.943267002109,12.682731920402524,10556.260535081705,29029.850623652485,26200,15.599340934895514,1,1,0
2025-11-17 09:30:00,2025-11-17 09:30:00,买入开仓,SHSE.688088,45.84999847412109,608,多,608,45.8545834739685,-27879.5867521728,33.45550410260742,-27913.0422562754,1116.808367377027,8635,49.04278780163532,1,1,0
2025-11-17 09:30:00,2025-11-17 09:30:00,卖出平仓,SHSE.600602,19.09000015258789,400,多,-400,19.08809115257263,7635.236461029052,9.162283753234862,7626.074177275817,8742.882544652844,20800,19.295053770758816,1,1,0
2025-11-24 09:30:00,2025-11-24 09:30:00,卖出平仓,SHSE.600602,19.0,20800,多,-20800,18.9981,395160.48,474.192576,394686.287424,403429.1699686529,0,19.295053770758816,1,1,0
2025-11-24 09:30:00,2025-11-24 09:30:00,买入开仓,SZSE.002439,14.800000190734863,100,多,100,14.801480190753937,-1480.14801907539,1.7761776228904722,-1481.92419669828,401947.2457719546,26300,15.596374779123982,1,1,0
2025-11-24 09:30:00,2025-11-24 09:30:00,卖出平仓,SZSE.300253,8.359999656677246,1900,多,-1900,8.359163656711578,15882.410947752,19.058893137302395,15863.352054614696,417810.5978265693,46800,9.836099955758284,1,1,0
2025-11-24 09:30:00,2025-11-24 09:30:00,卖出平仓,SHSE.688088,48.220001220703125,450,多,-450,48.21517922058106,21696.83064926148,26.03619677911377,21670.79445248236,439481.39227905165,8185,49.04278780163532,1,1,0
2025-11-24 09:30:00,2025-11-24 09:30:00,买入开仓,SHSE.603613,27.26000022888184,500,多,500,27.262726228904725,-13631.3631144523,16.357635737342832,-13647.7207501897,425833.671528862,14600,29.901830752063017,1,1,0
2025-11-24 09:30:00,2025-11-24 09:30:00,买入开仓,SZSE.002405,8.479999542236328,47100,多,47100,8.480847542190551,-399447.919237174,479.3375030846099,-399927.256740259,25906.414788602386,47100,8.49102455924118,1,1,0
2025-12-01 09:30:00,2025-12-01 09:30:00,卖出平仓,SHSE.688088,50.70000076293945,8185,多,-8185,50.69493076286316,414938.008294035,497.9256099528419,414440.08268408215,440346.4974726845,0,49.04278780163532,1,1,0
2025-12-01 09:30:00,2025-12-01 09:30:00,买入开仓,SZSE.002439,14.770000457763672,1300,多,1300,14.771477457809448,-19202.9206951522,23.043504834182738,-19225.9641999864,421120.53327269806,27600,15.558355829382146,1,1,0
2025-12-01 09:30:00,2025-12-01 09:30:00,买入开仓,SHSE.603613,27.530000686645508,100,多,100,27.532753686714173,-2753.27536867141,3.3039304424057003,-2756.57929911382,418363.9539735842,14700,29.885939338723396,1,1,0
2025-12-01 09:30:00,2025-12-01 09:30:00,买入开仓,SHSE.600131,16.68326759338379,24300,多,24300,16.684935920143126,-405443.942859477,486.5327314313735,-405930.475590909,12433.47838267492,24300,16.704957843247296,1,1,0
2025-12-01 09:30:00,2025-12-01 09:30:00,买入开仓,SZSE.002405,8.529999732971191,500,多,500,8.530852732944489,-4265.42636647224,5.118511639766692,-4270.54487811201,8162.933504562909,47600,8.491550454167472,1,1,0
2025-12-08 09:30:00,2025-12-08 09:30:00,卖出平仓,SHSE.603613,30.309999465942383,14700,多,-14700,30.306968465995787,445512.4364501381,534.6149237401656,444977.8215263979,453140.7550309608,0,29.885939338723396,1,1,0
2025-12-08 09:30:00,2025-12-08 09:30:00,卖出平仓,SZSE.002405,8.449999809265137,47600,多,-47600,8.44915480928421,402179.7689219284,482.615722706314,401697.15319922206,854837.9082301828,0,8.491550454167472,1,1,0
2025-12-08 09:30:00,2025-12-08 09:30:00,买入开仓,SZSE.002439,14.640000343322754,200,多,200,14.641464343357086,-2928.29286867141,3.5139514424057,-2931.80682011382,851906.101410069,27800,15.551885888887089,1,1,0
2025-12-08 09:30:00,2025-12-08 09:30:00,买入开仓,SZSE.300253,8.270000457763672,2500,多,2500,8.270827457809448,-20677.0686445236,24.81248237342834,-20701.881126897,831204.220283172,49300,9.757228378425657,1,1,0
2025-12-08 09:30:00,2025-12-08 09:30:00,买入开仓,SHSE.688088,48.400001525878906,8453,多,8453,48.4048415260315,-409166.125419544,490.99935050345306,-409657.124770047,421547.0955131243,8453,48.46292733586273,1,1,0
2025-12-08 09:30:00,2025-12-08 09:30:00,买入开仓,SHSE.600602,18.270000457763672,22300,多,22300,18.271827457809447,-407461.75230915,488.9541027709808,-407950.706411921,13596.3891012026,22300,18.29375365075882,1,1,0
2025-12-08 09:30:00,2025-12-08 09:30:00,买入开仓,SHSE.600131,16.4339656829834,500,多,500,16.435609079551696,-8217.80453977584,9.861365447731018,-8227.66590522358,5368.723195979021,24800,16.69992506032794,1,1,0
2025-12-15 09:30:00,2025-12-15 09:30:00,卖出平仓,SHSE.600131,16.144777297973633,24800,多,-24800,16.143162820243834,400350.4379420471,480.4205255304565,399870.0174165166,405238.7406124956,0,16.69992506032794,1,1,0
2025-12-15 09:30:00,2025-12-15 09:30:00,买入开仓,SZSE.002439,13.800000190734863,1300,多,1300,13.801380190753935,-17941.7942479801,21.53015309757614,-17963.3244010776,387275.41621141793,29100,15.474424471207518,1,1,0
2025-12-15 09:30:00,2025-12-15 09:30:00,买入开仓,SZSE.300253,7.960000038146973,1100,多,1100,7.960796038150788,-8756.87564196586,10.508250770359036,-8767.38389273622,378508.0323186817,50400,9.718229026768274,1,1,0
2025-12-15 09:30:00,2025-12-15 09:30:00,买入开仓,SHSE.600602,17.75,200,多,200,17.751775,-3550.35499999999,4.260425999999999,-3554.61542599999,374953.41689268174,22500,18.28912541501874,1,1,0
2025-12-22 09:30:00,2025-12-22 09:30:00,买入开仓,SZSE.002439,13.8100004196167,200,多,200,13.81138141965866,-2762.27628393173,3.314731540718078,-2765.59101547245,372187.8258772093,29300,15.46318577227342,1,1,0
2025-12-22 09:30:00,2025-12-22 09:30:00,买入开仓,SHSE.600602,17.690000534057617,400,多,400,17.69176953411102,-7076.7078136444,8.49204937637329,-7085.19986302078,365102.6260141885,22900,18.27906208301059,1,1,0
2025-12-22 09:30:00,2025-12-22 09:30:00,卖出平仓,SZSE.300253,8.920000076293945,4900,多,-4900,8.919108076286316,43703.629573802944,52.44435548856353,43651.18521831438,408753.8112325029,45500,9.718229026768274,1,1,0
2025-12-29 09:30:00,2025-12-29 09:30:00,卖出平仓,SHSE.600602,18.790000915527344,22900,多,-22900,18.78812191543579,430247.99186347966,516.2975902361754,429731.6942732435,838485.5055057465,0,18.27906208301059,1,1,0
2025-12-29 09:30:00,2025-12-29 09:30:00,买入开仓,SZSE.300253,8.649999618530273,2000,多,2000,8.650864618492127,-17301.7292369842,20.762075084381102,-17322.4913120686,821163.0141936778,47500,9.673724463790002,1,1,0
2025-12-29 09:30:00,2025-12-29 09:30:00,买入开仓,SHSE.600131,16.035083770751953,25600,多,25600,16.03668727912903,-410539.194345703,492.64703321484376,-411031.841378918,410131.1728147598,25600,16.055931303863986,1,1,0
2026-01-05 09:30:00,2026-01-05 09:30:00,卖出平仓,SHSE.688088,51.810001373291016,8453,多,-8453,51.80482037315369,437906.1466142681,525.4873759371217,437380.659238331,847511.8320530908,0,48.46292733586273,1,1,0
2026-01-05 09:30:00,2026-01-05 09:30:00,卖出平仓,SZSE.002439,14.43000030517578,300,多,-300,14.428557305145263,4328.56719154358,5.194280629852294,4323.372910913728,851835.2049640046,29000,15.46318577227342,1,1,0
2026-01-05 09:30:00,2026-01-05 09:30:00,买入开仓,SHSE.600602,18.809999465942383,22300,多,22300,18.811880465888976,-419504.934389324,503.40592126718894,-420008.340310591,431826.8646534133,22300,18.83445472244804,1,1,0
2026-01-05 09:30:00,2026-01-05 09:30:00,买入开仓,SHSE.603613,28.190000534057617,14900,多,14900,28.192819534111024,-420073.011058254,504.0876132699051,-420577.098671524,11249.76598188904,14900,28.22665091755196,1,1,0
2026-01-05 09:30:00,2026-01-05 09:30:00,卖出平仓,SZSE.300253,9.260000228881836,2100,多,-2100,9.259074228858948,19444.055880603788,23.33286705672455,19420.723013547064,30670.488995436102,45400,9.673724463790002,1,1,0
2026-01-12 09:30:00,2026-01-12 09:30:00,卖出平仓,SZSE.300253,12.970000267028809,45400,多,-45400,12.968703267002104,588779.1283218956,706.5349539862747,588072.5933679093,618743.0823633454,0,9.673724463790002,1,1,0
2026-01-12 09:30:00,2026-01-12 09:30:00,买入开仓,SZSE.002439,15.619999885559082,1100,多,1100,15.62156188554764,-17183.7180741024,20.62046168892288,-17204.3385357913,601538.743827554,30100,15.469658668827924,1,1,0
2026-01-12 09:30:00,2026-01-12 09:30:00,买入开仓,SHSE.603613,29.59000015258789,1100,多,1100,29.59295915260315,-32552.2550678634,39.06270608143616,-32591.3177739449,568947.4260536091,16000,28.32302602784182,1,1,0
2026-01-12 09:30:00,2026-01-12 09:30:00,买入开仓,SHSE.600131,17.849998474121094,1100,多,1100,17.851783473968506,-19636.9618213653,23.564354185638425,-19660.5261755509,549286.8998780581,26700,16.130800282938914,1,1,0
2026-01-12 09:30:00,2026-01-12 09:30:00,买入开仓,SHSE.600602,21.049999237060547,600,多,600,21.052104236984253,-12631.2625421905,15.157515050628662,-12646.4200572411,536640.4798208169,22900,18.89322097676124,1,1,0
2026-01-12 09:30:00,2026-01-12 09:30:00,买入开仓,SZSE.002410,14.260000228881836,34200,多,34200,14.261426228904725,-487740.777028541,585.2889324342499,-488326.065960975,48314.413859841065,34200,14.27853994037941,1,1,0
2026-01-19 09:30:00,2026-01-19 09:30:00,卖出平仓,SZSE.002410,14.8100004196167,34200,多,-34200,14.808519419574738,506451.3641494561,607.7416369793472,505843.6225124768,554158.0363723178,0,14.27853994037941,1,1,0
2026-01-19 09:30:00,2026-01-19 09:30:00,买入开仓,SZSE.002439,14.949999809265137,2400,多,2400,14.951494809246062,-35883.5875421905,43.060305050628656,-35926.6478472411,518231.3885250766,32500,15.432719193198825,1,1,0
2026-01-19 09:30:00,2026-01-19 09:30:00,买入开仓,SHSE.600602,19.57999992370605,1900,多,1900,19.581957923698425,-37205.720055027,44.64686406603241,-37250.366919093,480981.0216059836,24800,18.94778739060183,1,1,0
2026-01-19 09:30:00,2026-01-19 09:30:00,买入开仓,SHSE.603613,29.649999618530277,300,多,300,29.652964618492128,-8895.88938554763,10.675067262657164,-8906.56445281029,472074.4571531733,16300,28.34815833731776,1,1,0
2026-01-19 09:30:00,2026-01-19 09:30:00,卖出平仓,SHSE.600131,18.56999969482422,700,多,-700,18.568142694854732,12997.699886398314,15.597239863677975,12982.102646534637,485056.559799708,26000,16.130800282938914,1,1,0
2026-01-19 09:30:00,2026-01-19 09:30:00,买入开仓,SHSE.688088,55.68000030517578,8702,多,8702,55.685568305206296,-484575.815391905,581.4909784702862,-485157.306370375,-100.746570667542,8702,55.75239098717255,1,1,0
2026-01-26 09:30:00,2026-01-26 09:30:00,卖出平仓,SHSE.600602,20.149999618530277,600,多,-600,20.147984618568422,12088.790771141052,14.506548925369264,12074.284222215683,11973.537651548142,24200,18.94778739060183,1,1,0
2026-02-02 09:30:00,2026-02-02 09:30:00,卖出平仓,SHSE.600131,19.1200008392334,26000,多,-26000,19.118088839149475,497070.3098178864,596.4843717814637,496473.8254461049,508447.3630976531,0,16.130800282938914,1,1,0
2026-02-02 09:30:00,2026-02-02 09:30:00,买入开仓,SZSE.002439,14.130000114440918,1000,多,1000,14.131413114452362,-14131.4131144523,16.95769573734283,-14148.3708101897,494298.9922874634,33500,15.394380435497055,1,1,0
2026-02-02 09:30:00,2026-02-02 09:30:00,买入开仓,SHSE.603613,26.239999771118164,1700,多,1700,26.242623771095275,-44612.4604108619,53.53495249303435,-44665.995363355,449632.9969241084,18000,28.15227645897969,1,1,0
2026-02-02 09:30:00,2026-02-02 09:30:00,买入开仓,SHSE.688088,48.81999969482422,937,多,937,48.8248816947937,-45748.9141480217,54.89869697762604,-45803.8128449993,403829.18407910905,9639,55.0846684526792,1,1,0
2026-02-02 09:30:00,2026-02-02 09:30:00,卖出平仓,SHSE.600602,20.959999084472656,1900,多,-1900,20.957903084564208,39820.01586067199,47.784019032806384,39772.23184163919,443601.41592074826,22300,18.94778739060183,1,1,0
2026-02-09 09:30:00,2026-02-09 09:30:00,卖出平仓,SZSE.002439,14.34000015258789,1500,多,-1500,14.338566152572632,21507.849228858948,25.809419074630732,21482.03980978432,465083.4557305326,32000,15.394380435497055,1,1,0
2026-02-09 09:30:00,2026-02-09 09:30:00,卖出平仓,SHSE.603613,27.07999992370605,1000,多,-1000,27.077291923713684,27077.291923713685,32.49275030845642,27044.799173405227,492128.2549039378,17000,28.15227645897969,1,1,0
2026-02-09 09:30:00,2026-02-09 09:30:00,卖出平仓,SHSE.688088,48.70000076293945,200,多,-200,48.69513076286316,9739.026152572633,11.686831383087156,9727.339321189544,501855.59422512737,9439,55.0846684526792,1,1,0
2026-02-09 09:30:00,2026-02-09 09:30:00,卖出平仓,SHSE.600602,20.93000030517578,100,多,-100,20.927907305145265,2092.7907305145263,2.5113488766174314,2090.279381637909,503945.8736067653,22200,18.94778739060183,1,1,0
2026-02-09 09:30:00,2026-02-09 09:30:00,买入开仓,SZSE.002410,13.6899995803833,34200,多,34200,13.691368580341338,-468244.805447673,561.8937665372085,-468806.69921421,35139.17439255433,34200,13.707798222637749,1,1,0
2026-02-24 09:30:00,2026-02-24 09:30:00,买入开仓,SZSE.002439,14.31999969482422,1700,多,1700,14.3214316947937,-24346.4338811492,29.215720657379144,-24375.6496018066,10763.52479074766,33700,15.341122360169509,1,1,0
2026-02-24 09:30:00,2026-02-24 09:30:00,买入开仓,SZSE.002410,13.81999969482422,400,多,400,13.8213816947937,-5528.55267791748,6.634263213500975,-5535.18694113098,5228.337849616678,34600,13.709303068073464,1,1,0
2026-03-02 09:30:00,2026-03-02 09:30:00,卖出平仓,SHSE.600602,21.299999237060547,22200,多,-22200,21.29786923713684,472812.69706443785,567.3752364773254,472245.3218279605,477473.6596775772,0,18.94778739060183,1,1,0
2026-03-02 09:30:00,2026-03-02 09:30:00,买入开仓,SHSE.688088,46.9900016784668,691,多,691,46.99470067863464,-32473.3381689365,38.968005802723845,-32512.3061747392,444961.3535028379,10130,54.53667242838877,1,1,0
2026-03-02 09:30:00,2026-03-02 09:30:00,买入开仓,SHSE.603613,26.71999931335449,600,多,600,26.722671313285822,-16033.6027879714,19.24032334556579,-16052.843111317,428908.5103915208,17600,28.10463312011203,1,1,0
2026-03-02 09:30:00,2026-03-02 09:30:00,买入开仓,SZSE.002410,13.25,800,多,800,13.251325,-10601.06,12.721272,-10613.781272,418294.7291195208,35400,13.699312639190447,1,1,0
2026-03-09 09:30:00,2026-03-09 09:30:00,卖出平仓,SZSE.002439,14.390000343322754,2300,多,-2300,14.38856134328842,33093.69108956337,39.71242930747604,33053.978660255896,451348.7077797767,31400,15.341122360169509,1,1,0
2026-03-09 09:30:00,2026-03-09 09:30:00,卖出平仓,SHSE.688088,45.9900016784668,234,多,-234,45.98540267829896,10760.584226721956,12.912701072066346,10747.67152564989,462096.3793054266,9896,54.53667242838877,1,1,0
2026-03-09 09:30:00,2026-03-09 09:30:00,卖出平仓,SHSE.603613,25.989999771118164,100,多,-100,25.98740077114105,2598.740077114105,3.1184880925369263,2595.621589021568,464692.0008944482,17500,28.10463312011203,1,1,0
2026-03-09 09:30:00,2026-03-09 09:30:00,买入开仓,SHSE.688475,26.76000022888184,17020,多,17020,26.762676228904724,-455500.749415958,546.60089929915,-456047.350315257,8644.650579190638,17020,26.79479144037941,1,1,0
2026-03-09 09:30:00,2026-03-09 09:30:00,买入开仓,SZSE.002410,12.770000457763672,200,多,200,12.771277457809449,-2554.25549156189,3.0651065898742678,-2557.32059815176,6087.329981038874,35600,13.69418505689589,1,1,0
2026-03-16 09:30:00,2026-03-16 09:30:00,卖出平仓,SHSE.688475,28.520000457763672,17020,多,-17020,28.51714845771789,485361.8667503586,582.4342401004302,484779.43251025816,490866.762491297,0,26.79479144037941,1,1,0
2026-03-16 09:30:00,2026-03-16 09:30:00,买入开仓,SZSE.002439,14.550000190734863,600,多,600,14.551455190753936,-8730.87311445236,10.477047737342833,-8741.3501621897,482125.41232910735,32000,15.326643508484755,1,1,0
2026-03-16 09:30:00,2026-03-16 09:30:00,买入开仓,SHSE.688088,45.20000076293945,374,多,374,45.20452076301574,-16906.4907653678,20.287788918441464,-16926.7785542863,465198.633774821,10270,54.19880125663307,1,1,0
2026-03-16 09:30:00,2026-03-16 09:30:00,卖出平仓,SHSE.603613,28.06999969482422,900,多,-900,28.067192694854736,25260.473425369262,30.312568110443117,25230.16085725882,490428.79463207984,16600,28.10463312011203,1,1,0
2026-03-16 09:30:00,2026-03-16 09:30:00,买入开仓,SZSE.300253,9.220000267028809,50500,多,50500,9.220922267055512,-465656.574486303,558.7878893835639,-466215.362375686,24213.43225639296,50500,9.231987373775976,1,1,0
2026-03-16 09:30:00,2026-03-16 09:30:00,买入开仓,SZSE.002410,12.479999542236328,1700,多,1700,12.481247542190552,-21218.1208217239,25.461744986068723,-21243.58256671,2969.8496896829565,37300,13.639586342954525,1,1,0
2026-03-30 09:30:00,2026-03-30 09:30:00,买入开仓,SZSE.002439,12.90999984741211,200,多,200,12.91129084739685,-2582.25816947937,3.098709803375244,-2585.35687928274,384.4928104002111,32200,15.311737551266926,1,1,0
2026-03-30 09:30:00,2026-03-30 09:30:00,卖出平仓,SZSE.002410,11.15999984741211,100,多,-100,11.158883847427369,1115.888384742737,1.3390660616912842,1114.5493186810456,1499.0421290812567,37200,13.639586342954525,1,1,0
2026-03-30 09:30:00,2026-03-30 09:30:00,卖出平仓,SZSE.300253,8.449999809265137,1400,多,-1400,8.44915480928421,11828.816732997891,14.19458007959747,11814.622152918297,13313.664281999554,49100,9.231987373775976,1,1,0
