trade_date,excess_return
2016-02-19,0.00674102620025635
2016-02-22,-0.013775024151702675
2016-02-23,0.004009070612291388
2016-02-24,-0.0004052208418009462
2016-02-25,0.043279351000053035
2016-02-26,-0.005249128825672911
2016-02-29,0.014293523881428849
2016-03-01,-0.0021837567936976443
2016-03-02,-0.02727957737989639
2016-03-03,0.0028916942020196235
2016-03-04,0.011703964264003108
2016-03-07,-0.006508409579708607
2016-03-08,0.0024887279573515553
2016-03-09,0.00435838090401891
2016-03-10,0.004700797909001353
2016-03-11,0.006296948317131457
2016-03-14,-0.018378555832750887
2016-03-15,-0.007574698740077768
2016-03-16,0.00755079966515626
2016-03-17,-0.006743699330366337
2016-03-18,-0.013410633736609778
2016-03-21,-0.020108550221370036
2016-03-22,0.0061069660145487425
2016-03-23,-0.00793093077326218
2016-03-24,0.002618022535046227
2016-03-25,-0.0008899255545672391
2016-03-28,0.0016200314563805107
2016-03-29,0.008000047145132139
2016-03-30,-0.008443231074163116
2016-03-31,-0.005307118831151869
2016-04-01,0.004043946389624131
2016-04-04,0.0
2016-04-05,-0.013249864590396343
2016-04-06,0.00022448318452916727
2016-04-07,0.008607588633419816
2016-04-08,0.007165663189328875
2016-04-11,-0.004744914861150473
2016-04-12,0.005838623801433074
2016-04-13,-0.011681882910481889
2016-04-14,-0.007110032615362194
2016-04-15,0.0018320178650231278
2016-04-18,0.00825153850774768
2016-04-19,0.0032541363173890225
2016-04-20,0.01583852614903486
2016-04-21,0.012122817068953462
2016-04-22,-0.008667596399879796
2016-04-25,-0.0011985666863139066
2016-04-26,-0.004754620695941569
2016-04-27,0.007748545990335254
2016-04-28,0.0035254289262178773
2016-04-29,0.008573144797574705
2016-05-02,0.0
2016-05-03,-0.0044761607631926825
2016-05-04,-0.0047466360097001
2016-05-05,-0.002227194564957291
2016-05-06,0.01577809303702321
2016-05-09,0.01120719449817209
2016-05-10,-0.003816603319813594
2016-05-11,-0.0005135859788429897
2016-05-12,-0.002618881592150124
2016-05-13,0.008094739749456126
2016-05-16,-0.003721070788479053
2016-05-17,-0.0003737015443149305
2016-05-18,0.005883517931326021
2016-05-19,-0.007285815034884124
2016-05-20,-0.002856788205494565
2016-05-23,-0.0032537078514405793
2016-05-24,0.0017901935120837043
2016-05-25,-0.005384494240727955
2016-05-26,0.0003076710668528104
2016-05-27,-0.0005997694080187022
2016-05-30,-0.0037667434419171864
2016-05-31,-0.012236926484117228
2016-06-01,-0.0007408190882338128
2016-06-02,-0.0021523865722496427
2016-06-03,-0.0051027495341646745
2016-06-06,0.009416013607307983
2016-06-07,0.0017758500745790329
2016-06-08,0.007179722131062161
2016-06-09,0.0
2016-06-10,0.0
2016-06-13,0.03367918623862559
2016-06-14,-0.001316345031369015
2016-06-15,-0.008832869747591454
2016-06-16,0.013909620143996215
2016-06-17,-0.014565588568889953
2016-06-20,0.0008087252282237278
2016-06-21,0.0006490936817350468
2016-06-22,-0.012879779538892133
2016-06-23,0.004549202740227742
2016-06-24,0.02986535531685841
2016-06-27,-0.0049765826628885845
2016-06-28,-0.0056051952168191255
2016-06-29,0.0017798336075425247
2016-06-30,-0.0026891504833814195
2016-07-01,0.008413170026521533
2016-07-04,-0.0006663146704138923
2016-07-05,-0.0005531694857802694
2016-07-06,0.006695535193651014
2016-07-07,0.0014076094153787078
2016-07-08,-0.0006410369097348823
2016-07-11,0.0035232869365797725
2016-07-12,-0.015431757223761888
2016-07-13,-0.0069122680531746306
2016-07-14,-0.002269183847795897
2016-07-15,0.0013424042821739146
2016-07-18,0.0008230269104175791
2016-07-19,0.0024064587243181057
2016-07-20,-0.0003977751947747965
2016-07-21,-0.0070163193628630105
2016-07-22,0.006381110268281864
2016-07-25,-0.0040085027996037415
2016-07-26,-0.005366012692580302
2016-07-27,0.013362524353065175
2016-07-28,0.005250158563905261
2016-07-29,0.00012471007574904602
2016-08-01,0.00911409877992242
2016-08-02,-0.0007258602991769836
2016-08-03,0.001082697378879116
2016-08-04,-0.008216503251423257
2016-08-05,0.007286260404904099
2016-08-08,-0.017473140377735452
2016-08-09,-0.0035424679818853444
2016-08-10,0.01024281603467564
2016-08-11,0.00034035221555878126
2016-08-12,-0.00797964896061737
2016-08-15,-0.017071039044421255
2016-08-16,-2.783742579925974e-05
2016-08-17,-0.0021972159463962693
2016-08-18,0.002986053518417575
2016-08-19,0.002416704256287261
2016-08-22,0.0015221244445340343
2016-08-23,2.2634760006634558e-05
2016-08-24,0.0015723016065332107
2016-08-25,-0.0003327868481773355
2016-08-26,0.0008329737168288887
2016-08-29,-0.0025859946627566632
2016-08-30,0.002216779518761869
2016-08-31,-0.0053070338626675095
2016-09-01,0.0029586631911400207
2016-09-02,-0.0003066646068659029
2016-09-05,0.0038571442140701295
2016-09-06,-0.0054208243582523075
2016-09-07,0.00825329932492369
2016-09-08,2.9216728225145427e-05
2016-09-09,0.0013183543148732046
2016-09-12,0.006647707252666668
2016-09-13,-0.00020503828545415104
2016-09-14,0.0012767213080885909
2016-09-15,0.0
2016-09-16,0.0
2016-09-19,-0.007605751181813447
2016-09-20,0.0019687635992488017
2016-09-21,-0.0007048673757477086
2016-09-22,-0.001120639177833782
2016-09-23,0.00389012868391192
2016-09-26,0.011079342413492843
2016-09-27,-0.005654883438494351
2016-09-28,-0.002873258928933642
2016-09-29,-0.002580104768741154
2016-09-30,0.0003207690962362397
2016-10-03,0.0
2016-10-04,0.0
2016-10-05,0.0
2016-10-06,0.0
2016-10-07,0.0
2016-10-10,-0.025076817827291542
2016-10-11,-0.004285087234677798
2016-10-12,-0.0008843771576899084
2016-10-13,0.0008527118761150199
2016-10-14,-0.0008047326290468448
2016-10-17,0.006765668167904804
2016-10-18,-0.005048248392656718
2016-10-19,0.0008757111928728856
2016-10-20,0.0033387463508088855
2016-10-21,-0.0012743083181525616
2016-10-24,-0.004017576456266325
2016-10-25,0.0007724171690476345
2016-10-26,0.0043795420579118005
2016-10-27,-0.0005603130369499776
2016-10-28,0.002639432343450987
2016-10-31,0.003061051004694837
2016-11-01,-0.002467222797973956
2016-11-02,0.008662350634077165
2016-11-03,-0.0038272141541409455
2016-11-04,-0.0007676741714510715
2016-11-07,-0.0015694275521093703
2016-11-08,-0.001536397255416433
2016-11-09,0.013481557327111704
2016-11-10,-0.0151035207737662
2016-11-11,0.001207873254694217
2016-11-14,-0.009965368301909156
2016-11-15,-0.0007015789828030602
2016-11-16,0.0033318310917160496
2016-11-17,-0.0027992894263615766
2016-11-18,-0.0038396689216764566
2016-11-21,-0.00038396760576316514
2016-11-22,9.504444679434877e-05
2016-11-23,-0.003263847134243732
2016-11-24,-0.0034442993910558015
2016-11-25,-0.007318046519318036
2016-11-28,-0.002147193048942471
2016-11-29,-0.00340503704446804
2016-11-30,-0.0007576575458566239
2016-12-01,-0.003975606655186037
2016-12-02,0.0011121574144472568
2016-12-05,-0.000919808304281549
2016-12-06,0.0015650424439281145
2016-12-07,-0.0022899458511197826
2016-12-08,0.0018723597600462567
2016-12-09,-0.0030781372325008327
2016-12-12,-0.004458246250822473
2016-12-13,0.0031184620203745794
2016-12-14,-0.003733771163861088
2016-12-15,0.0075550322267737835
2016-12-16,-0.0016754410759465266
2016-12-19,-0.0035839487512766555
2016-12-20,0.00792891475191837
2016-12-21,-0.0021102990583861114
2016-12-22,-0.00396373972098385
2016-12-23,0.0040714533448438965
2016-12-26,0.0030531750919210827
2016-12-27,-0.0010452306763155672
2016-12-28,0.003147788312656645
2016-12-29,0.0025884944039798645
2016-12-30,0.0011072763523285456
2017-01-02,0.0
2017-01-03,-0.003841772241991559
2017-01-04,-0.002398465513050674
2017-01-05,-0.0018048412162320706
2017-01-06,0.0036833504778410187
2017-01-09,-0.0014904671315020268
2017-01-10,0.003782577896318917
2017-01-11,0.005105955328904399
2017-01-12,0.004853683088052396
2017-01-13,0.0006743379218300816
2017-01-16,0.010174206288363408
2017-01-17,-0.0019824431860851477
2017-01-18,-0.0023609983248968347
2017-01-19,-0.003398760062174211
2017-01-20,-0.003348989421870896
2017-01-23,-0.0005163671772610012
2017-01-24,0.0004216776390046917
2017-01-25,-0.007623179812871139
2017-01-26,-0.0035481839787425695
2017-01-27,0.0
2017-01-30,0.0
2017-01-31,0.0
2017-02-01,0.0
2017-02-02,0.0
2017-02-03,0.008102751822210597
2017-02-06,0.0026724761321040846
2017-02-07,0.004409629166282403
2017-02-08,-0.0024463834207288926
2017-02-09,0.0007402996251835159
2017-02-10,-0.00762333322792641
2017-02-13,-0.002849444227839504
2017-02-14,-0.0013611858249644726
2017-02-15,0.001500575989136943
2017-02-16,-0.0016591771531708766
2017-02-17,0.005547626494559255
2017-02-20,-0.008677746185560942
2017-02-21,-0.002611377374328372
2017-02-22,-0.001546747844644425
2017-02-23,0.003562084128199139
2017-02-24,0.006000761036745461
2017-02-27,0.005801427472394538
2017-02-28,-0.003496252249627796
2017-03-01,-0.0050544314027966
2017-03-02,0.004126322965395668
2017-03-03,-0.0038262900939485256
2017-03-06,-0.0037865328326331937
2017-03-07,-0.0029293527380439
2017-03-08,-0.0004733873206139716
2017-03-09,0.002113531399209778
2017-03-10,-0.0053072719050885064
2017-03-13,0.0006751689505188896
2017-03-14,-0.0020987090020812005
2017-03-15,-0.001372623459090283
2017-03-16,0.005596148489537822
2017-03-17,0.005494337423157802
2017-03-20,0.001927288993014531
2017-03-21,-0.006284306697622699
2017-03-22,0.005632768664016463
2017-03-23,-0.0012046664090820114
2017-03-24,-0.004791844292241054
2017-03-27,0.0073353946737660936
2017-03-28,-0.00015514017638262878
2017-03-29,-0.0003476091913307555
2017-03-30,0.0059337751531811644
2017-03-31,-0.006968646534983414
2017-04-03,0.0
2017-04-04,0.0
2017-04-05,-0.00271290350066411
2017-04-06,-0.002119852287787216
2017-04-07,0.0035016317184560775
2017-04-10,8.455077288843649e-05
2017-04-11,-0.002198683010122826
2017-04-12,0.006377062520526278
2017-04-13,-0.0010001079646748123
2017-04-14,0.005444880522270268
2017-04-17,0.0012964373680435237
2017-04-18,0.00017700627852096362
2017-04-19,0.0010974671830839555
2017-04-20,-0.0034900324703692753
2017-04-21,-0.0009550510868081008
2017-04-24,0.005289079322573498
2017-04-25,-0.0011907445602167277
2017-04-26,-0.0041792887036058435
2017-04-27,0.0020543419398449947
2017-04-28,0.0029525973035306463
2017-05-01,0.0
2017-05-02,-0.0021462031445459995
2017-05-03,0.002423875875140258
2017-05-04,-0.006225661908505209
2017-05-05,0.005269814808962658
2017-05-08,0.006460390011304329
2017-05-09,0.0017704737539380733
2017-05-10,0.0029836975068049942
2017-05-11,-0.00195851142407677
2017-05-12,0.0006167737060649436
2017-05-15,-0.0012288702415376163
2017-05-16,-0.006339605665511727
2017-05-17,0.0030305335678529888
2017-05-18,0.0059342302551224635
2017-05-19,-0.0018783439767391386
2017-05-22,0.002728317646973566
2017-05-23,0.00485303298934181
2017-05-24,-0.006354168207149791
2017-05-25,-0.0009956685622324324
2017-05-26,0.0014072721315784298
2017-05-29,0.0
2017-05-30,0.0
2017-05-31,-0.004083742433185322
2017-06-01,0.002001066912451832
2017-06-02,-0.0018854917825859019
2017-06-05,0.005559040415649696
2017-06-06,-0.0008541984406085223
2017-06-07,-0.006877669425387478
2017-06-08,-0.006447677141513397
2017-06-09,-0.005700367671488238
2017-06-12,-0.0018965178821455098
2017-06-13,-0.00169925820119049
2017-06-14,0.008401368126019826
2017-06-15,-0.005718048883144478
2017-06-16,0.0011036579290339965
2017-06-19,-0.0027621083667702107
2017-06-20,-0.0026015635816991067
2017-06-21,-0.006090534291635086
2017-06-22,0.005056058346048831
2017-06-23,-0.0045748647433799805
2017-06-26,-0.01031588046580345
2017-06-27,-0.0021996035521981705
2017-06-28,0.003921795430565034
2017-06-29,-0.004153270187089331
2017-06-30,-0.005555683223778085
2017-07-03,0.00012863881644220587
2017-07-04,0.0006065056627054255
2017-07-05,-0.002619824972337814
2017-07-06,0.0017824079191132158
2017-07-07,-0.001514856590091762
2017-07-10,-0.0018655170297810497
2017-07-11,0.002637899526475751
2017-07-12,0.003608151286124295
2017-07-13,0.0017092749444097555
2017-07-14,-0.0009458121018328103
2017-07-17,0.015165399384124867
2017-07-18,-0.0004504710369283016
2017-07-19,-0.0087906508401
2017-07-20,-0.0035671695774817103
2017-07-21,0.002565177716080891
2017-07-24,0.0002936412668809174
2017-07-25,0.0043389795073979776
2017-07-26,-0.001516228831035138
2017-07-27,0.003513688036856921
2017-07-28,-0.0027819853085325197
2017-07-31,-0.002641157727085841
2017-08-01,-0.0003203286999403643
2017-08-02,0.0027154406814853815
2017-08-03,-0.00037238279318019263
2017-08-04,0.005196705400669022
2017-08-07,-0.00786997562955949
2017-08-08,-0.0018113437792605658
2017-08-09,-0.0017557477838034963
2017-08-10,0.006397890228327152
2017-08-11,0.013089941076595724
2017-08-14,-0.009310478765231722
2017-08-15,-0.0036654777719546394
2017-08-16,-0.0021011627326448234
2017-08-17,0.0018478463148999813
2017-08-18,0.0018928480425417504
2017-08-21,-0.006559680265660561
2017-08-22,0.0013150242155895442
2017-08-23,0.0027046418739460343
2017-08-24,0.004044195168043163
2017-08-25,-0.005792101638008751
2017-08-28,-0.00438450943352886
2017-08-29,0.0077374089042892
2017-08-30,-0.00835796216803647
2017-08-31,0.00101721535295346
2017-09-01,0.00015277266669716516
2017-09-04,0.0005721600783911152
2017-09-05,-0.0004313984821517347
2017-09-06,-0.000728321175309965
2017-09-07,-0.0003227827827481655
2017-09-08,0.0015378981783820134
2017-09-11,-0.00369737046842189
2017-09-12,-0.002439310622883273
2017-09-13,-0.0017696203759441365
2017-09-14,-0.0007126542588766216
2017-09-15,0.0018174693222503535
2017-09-18,-0.00576299733019775
2017-09-19,0.001401523336123589
2017-09-20,-0.0027006156367867518
2017-09-21,-0.0020237635820144484
2017-09-22,0.0011207514047480993
2017-09-25,0.004465032437702132
2017-09-26,0.00653275760536709
2017-09-27,-0.0081001731137329
2017-09-28,-0.0025237818018200575
2017-09-29,0.00020321411451862392
2017-10-02,0.0
2017-10-03,0.0
2017-10-04,0.0
2017-10-05,0.0
2017-10-06,0.0
2017-10-09,-0.009882015117028409
2017-10-10,-0.002516155017372901
2017-10-11,-0.0014821148624279967
2017-10-12,0.0011961461507151716
2017-10-13,-0.002417404175566795
2017-10-16,0.006291684946242326
2017-10-17,-0.002628502765241625
2017-10-18,-0.004904854850754314
2017-10-19,0.003071666995011213
2017-10-20,-0.0019159860011286889
2017-10-23,-0.0026619002291186633
2017-10-24,-0.0027449766506962847
2017-10-25,-0.00716601896248148
2017-10-26,0.0023084808190115824
2017-10-27,-0.00686456212076562
2017-10-30,-0.005549014846888892
2017-10-31,-0.0014764781469285282
2017-11-01,-0.0013233856859671267
2017-11-02,0.0018769955033663965
2017-11-03,0.0010557654392070088
2017-11-06,-0.009056661020100018
2017-11-07,0.0014643996473249956
2017-11-08,0.00729310276037165
2017-11-09,-0.003884331632842001
2017-11-10,-0.0036629419192372543
2017-11-13,-0.006005040294425168
2017-11-14,0.0014936482767436976
2017-11-15,0.004234722123068338
2017-11-16,-0.010479940365926255
2017-11-17,0.006432930485062993
2017-11-20,-0.008023852831200736
2017-11-21,-0.0008225400788443409
2017-11-22,0.0009007400616910153
2017-11-23,0.013767909921228894
2017-11-24,0.0005779132648248513
2017-11-27,0.009782202069670398
2017-11-28,-0.00171093904068013
2017-11-29,-0.0005755996902127025
2017-11-30,0.005232749362686214
2017-12-01,-0.003513310651430457
2017-12-04,-0.006297726344870691
2017-12-05,0.004024036662620819
2017-12-06,0.00013353027057161349
2017-12-07,0.0009567587809260116
2017-12-08,-0.008128244186075606
2017-12-11,-0.011772298552446808
2017-12-12,0.0004678462561680998
2017-12-13,-0.004884317896591309
2017-12-14,0.0016370560405902053
2017-12-15,0.004121885449041722
2017-12-18,-0.0012662909647385516
2017-12-19,-0.00508574626297816
2017-12-20,-0.003270198935923359
2017-12-21,-0.0057279532908150275
2017-12-22,-0.0013051546494565374
2017-12-25,0.0003608784650962482
2017-12-26,-0.0008965932116397068
2017-12-27,0.006859434546956625
2017-12-28,-0.002231915822323627
2017-12-29,-0.0006438770553808628
2018-01-01,0.0
2018-01-02,-0.0019199863622643889
2018-01-03,0.0011038791575761486
2018-01-04,-0.005482893942665583
2018-01-05,0.001315342853823287
2018-01-08,0.0034427620691235283
2018-01-09,-0.0059837076374991876
2018-01-10,-0.0035829544316209327
2018-01-11,-0.0005367797103813521
2018-01-12,0.0022583565706762636
2018-01-15,-0.001622781214330719
2018-01-16,0.001411787682580953
2018-01-17,0.014463484377348937
2018-01-18,-0.0015409299190150367
2018-01-19,0.005547375725648044
2018-01-22,-0.011128043183307512
2018-01-23,-0.003693915045584288
2018-01-24,0.011622220350711551
2018-01-25,-0.002132299983449326
2018-01-26,-0.003219617022454546
2018-01-29,0.004971690170749906
2018-01-30,-0.0006879098688541418
2018-01-31,-0.007373368083556153
2018-02-01,0.005275239161652549
2018-02-02,-0.005539802059321364
2018-02-05,0.0011740913821858638
2018-02-06,0.009106536217092492
2018-02-07,0.006073527875045115
2018-02-08,-0.0026286919588991795
2018-02-09,0.004252174102186888
2018-02-12,-0.014498455358726514
2018-02-13,-0.0004561235345399428
2018-02-14,-0.00389717707739982
2018-02-15,0.0
2018-02-16,0.0
2018-02-19,0.0
2018-02-20,0.0
2018-02-21,0.0
2018-02-22,-0.014920895878484181
2018-02-23,0.00248869697968801
2018-02-26,-0.0008763413354884921
2018-02-27,0.004644296472439394
2018-02-28,-0.0019010971255910558
2018-03-01,-0.00408219575867815
2018-03-02,0.002884451459218562
2018-03-05,0.0007105307883340146
2018-03-06,-0.0016657968004918366
2018-03-07,0.0029926150382151295
2018-03-08,-0.007101044906086354
2018-03-09,-0.002746323390531898
2018-03-12,0.0009300427933326416
2018-03-13,-0.0006413942769569747
2018-03-14,0.001188732775100306
2018-03-15,-0.003917649828472758
2018-03-16,0.0011064465509881272
2018-03-19,-0.0017716276821091448
2018-03-20,0.0004983345157532071
2018-03-21,0.004416473010794952
2018-03-22,0.009017515457069192
2018-03-23,0.004884570343856327
2018-03-26,0.003140599227808072
2018-03-27,-0.0036011584210043175
2018-03-28,0.005804668375427813
2018-03-29,-0.003595274874753196
2018-03-30,-0.0016999579215530116
2018-04-02,0.006238328916388794
2018-04-03,0.007650087050874184
2018-04-04,-0.001728398514226126
2018-04-05,0.0
2018-04-06,0.0
2018-04-09,0.0038609669908908164
2018-04-10,-0.0050784485964257
2018-04-11,-0.0034348724318156165
2018-04-12,0.005009016665625476
2018-04-13,-0.00188413303437566
2018-04-16,0.0023425560611595175
2018-04-17,0.013042474443415109
2018-04-18,0.0014174204912983006
2018-04-19,-0.005189853049441122
2018-04-20,-0.0038428230174964266
2018-04-23,0.002981780467393354
2018-04-24,-0.005105109561518106
2018-04-25,-0.0015893156397848163
2018-04-26,0.008000311075794797
2018-04-27,0.0013850422476342865
2018-04-30,0.0
2018-05-01,0.0
2018-05-02,-0.0007692407561352328
2018-05-03,0.0015228956133930271
2018-05-04,-0.00023763739016506146
2018-05-07,-0.005764355108690777
2018-05-08,-0.005026856046651984
2018-05-09,-0.002939803546414284
2018-05-10,-0.0020888475530724073
2018-05-11,0.001029073413940873
2018-05-14,-0.004986012114249612
2018-05-15,-0.006497529148628001
2018-05-16,-0.0036149826069226867
2018-05-17,0.0009079217839590053
2018-05-18,-0.00021358752059219555
2018-05-21,-0.002297257311388301
2018-05-22,-0.00020081894831828605
2018-05-23,0.004323898009562158
2018-05-24,0.004337520081261944
2018-05-25,0.001625355619802112
2018-05-28,-0.004388143544905169
2018-05-29,0.0009585694630924735
2018-05-30,0.0038907875094806865
2018-05-31,-0.010367751335849032
2018-06-01,0.008619663568094996
2018-06-04,-0.0074514550732487726
2018-06-05,-0.007441105179927058
2018-06-06,0.0005375027606397225
2018-06-07,0.004395278345365128
2018-06-08,0.0006615979341549529
2018-06-11,0.003382672641755328
2018-06-12,-0.008471119108527528
2018-06-13,0.001934014562460673
2018-06-14,0.007222735878142927
2018-06-15,0.0034121240034945917
2018-06-18,0.0
2018-06-19,-0.0006044897716193862
2018-06-20,-0.005214629958553374
2018-06-21,-0.003027400458128179
2018-06-22,0.003390012948079871
2018-06-25,0.003544560441661626
2018-06-26,0.007677889671848015
2018-06-27,0.011548176903573163
2018-06-28,0.009293424206850717
2018-06-29,-0.009244762861036964
2018-07-02,0.009247158327063205
2018-07-03,0.005476248597439892
2018-07-04,0.006661605070349223
2018-07-05,0.0026311263213889546
2018-07-06,0.0022593889653372834
2018-07-09,-0.013100932947233098
2018-07-10,-0.004377930083227732
2018-07-11,0.002765731184964112
2018-07-12,-0.005924391503160747
2018-07-13,-0.004084260847389665
2018-07-16,0.002973067907632928
2018-07-17,0.0016464276752492886
2018-07-18,-0.0017869946556169358
2018-07-19,0.0023709811117886836
2018-07-20,0.0008217549520554979
2018-07-23,0.0009463474695274119
2018-07-24,-0.004635845083274267
2018-07-25,-0.0018002203824752558
2018-07-26,0.006011918316156402
2018-07-27,0.0012412444759875019
2018-07-30,0.0017806732525574482
2018-07-31,0.0014360373937328439
2018-08-01,0.005752103303420167
2018-08-02,0.0038063520822358976
2018-08-03,0.00996634629807125
2018-08-06,0.009104944281145796
2018-08-07,-0.00963688382207369
2018-08-08,0.0053447606970613935
2018-08-09,-0.010377685662445568
2018-08-10,-0.0024551519588784285
2018-08-13,0.0006659220918051232
2018-08-14,-0.001103980586708908
2018-08-15,0.00896704107411439
2018-08-16,0.004118017421868052
2018-08-17,0.005842360448988967
2018-08-20,0.0004986469751628118
2018-08-21,-0.008696154339530008
2018-08-22,0.004041490853629555
2018-08-23,0.00060495544008569
2018-08-24,0.0017728157668750466
2018-08-27,-0.011841995523456625
2018-08-28,0.00022882682714834668
2018-08-29,-0.0011542450299186031
2018-08-30,0.004112025377379906
2018-08-31,0.004002719781989257
2018-09-03,0.00122656163907268
2018-09-04,-0.005972466267281947
2018-09-05,0.0059872878407828765
2018-09-06,0.007615153834132618
2018-09-07,0.0009344385562562634
2018-09-10,-0.0007486012873031411
2018-09-11,0.002339373932553531
2018-09-12,0.00588626461955936
2018-09-13,-0.00042131213241614063
2018-09-14,-0.0016294245081164653
2018-09-17,0.005657095256990467
2018-09-18,-0.005122824035150778
2018-09-19,-0.007255388980414483
2018-09-20,0.0010175052163170124
2018-09-21,-0.009701631355372237
2018-09-24,0.0
2018-09-25,0.00029685724215070854
2018-09-26,-0.004780737059453181
2018-09-27,-0.00048744194999994495
2018-09-28,-0.005597364056743825
2018-10-01,0.0
2018-10-02,0.0
2018-10-03,0.0
2018-10-04,0.0
2018-10-05,0.0
2018-10-08,0.019080179567030193
2018-10-09,0.0007984816018026253
2018-10-10,0.0031091055770690046
2018-10-11,0.010574370105541075
2018-10-12,-0.007398028524156497
2018-10-15,0.008340275364140542
2018-10-16,0.004870432119201759
2018-10-17,-0.0003890389838103374
2018-10-18,0.010981339045811445
2018-10-19,-0.008722648916963172
2018-10-22,0.004078191719282365
2018-10-23,0.017452472508515893
2018-10-24,0.008033960964703102
2018-10-25,0.013503820037100859
2018-10-26,-0.004634077414711779
2018-10-29,0.015543092703205827
2018-10-30,0.010334992702588235
2018-10-31,-0.016273196674543338
2018-11-01,-0.0020533798536257475
2018-11-02,-0.015600378622607769
2018-11-05,0.0038268022004849618
2018-11-06,0.00171416156956868
2018-11-07,-0.0008735038415715506
2018-11-08,-0.003905843204907315
2018-11-09,0.006333801974626259
2018-11-12,-0.006745951488228948
2018-11-13,0.001034068360413828
2018-11-14,-0.0005959611474684792
2018-11-15,0.004217715630149204
2018-11-16,0.004478846857496851
2018-11-19,0.0037900321882994668
2018-11-20,0.003256226973627225
2018-11-21,-0.0015098108355151945
2018-11-22,-0.0012770372564025285
2018-11-23,0.006373596089364646
2018-11-26,4.8574771174628726e-06
2018-11-27,0.0009183593606204206
2018-11-28,-0.0023540333564674807
2018-11-29,0.0027704419198732646
2018-11-30,-0.003798792523944809
2018-12-03,-0.010609395188173127
2018-12-04,0.000680862745007079
2018-12-05,0.0010224527868771074
2018-12-06,0.0069725815523833026
2018-12-07,0.0006057436188123081
2018-12-10,0.008005166913735354
2018-12-11,-0.0028219390382375384
2018-12-12,-0.0032827315000294455
2018-12-13,-0.0071215278390374115
2018-12-14,0.0023709098991092636
2018-12-17,0.0034141151551358257
2018-12-18,0.0015876794970679873
2018-12-19,0.00668968769840772
2018-12-20,0.0060480751438876474
2018-12-21,0.004133598028794575
2018-12-24,-0.0032496466937071236
2018-12-25,-4.674215834902639e-05
2018-12-26,0.00010920086909793625
2018-12-27,0.0012348041461759385
2018-12-28,0.004986996357899157
2018-12-31,0.0
2019-01-01,0.0
2019-01-02,0.009040106514458301
2019-01-03,0.0131125135855098
2019-01-04,0.006671066869823144
2019-01-07,-0.009180820482138233
2019-01-08,5.082628655931698e-05
2019-01-09,-0.006065253938480415
2019-01-10,-0.0024924256538506606
2019-01-11,-0.004007307070941582
2019-01-14,0.0049796541400318
2019-01-15,-0.004877087635995592
2019-01-16,-0.0031702140497585907
2019-01-17,0.0016976766015678324
2019-01-18,-0.007653354421059003
2019-01-21,-0.0064263295843990376
2019-01-22,0.0038088358617355267
2019-01-23,9.035061815143575e-05
2019-01-24,0.0012567007184691352
2019-01-25,-0.004751983789036074
2019-01-28,0.0007816737520031832
2019-01-29,-0.0021154497476116862
2019-01-30,0.0032341880308099187
2019-01-31,-0.0020613561966876057
2019-02-01,-0.0010506803347235891
2019-02-04,0.0
2019-02-05,0.0
2019-02-06,0.0
2019-02-07,0.0
2019-02-08,0.0
2019-02-11,-0.01050645341202568
2019-02-12,-0.002390785611141588
2019-02-13,-0.0032297837102834466
2019-02-14,-0.00288833879837036
2019-02-15,0.005547947775145704
2019-02-18,-0.0028355775945011104
2019-02-19,0.00418240781664736
2019-02-20,0.001176154892459591
2019-02-21,0.001076481273935707
2019-02-22,0.015174292226351284
2019-02-25,-0.0012006793099984883
2019-02-26,-0.0061309667888650825
2019-02-27,-0.00021674555503189042
2019-02-28,-0.010180084154908378
2019-03-01,-0.0033903650173682624
2019-03-04,-0.013318857159409466
2019-03-05,-0.008006895137232925
2019-03-06,0.012964144307528198
2019-03-07,0.01875131373614799
2019-03-08,-0.0016077011046826684
2019-03-11,-0.011718667902187155
2019-03-12,-0.0007110888952356715
2019-03-13,0.003802514667983832
2019-03-14,-0.00462380526197618
2019-03-15,-0.0044305538584006685
2019-03-18,-0.012119464456333162
2019-03-19,0.00011453654624715703
2019-03-20,0.0056983743033294605
2019-03-21,0.003935092056450744
2019-03-22,-0.003849612596586523
2019-03-25,0.004357460555481141
2019-03-26,-0.0005551560236894595
2019-03-27,-0.0059796008836167465
2019-03-28,0.00034568610052643223
2019-03-29,-0.002528022436499487
2019-04-01,-0.01632594163991278
2019-04-02,-0.001233297811828608
2019-04-03,0.008112572197304175
2019-04-04,-0.004891046074102956
2019-04-05,0.0
2019-04-08,-0.003915198408930472
2019-04-09,-0.003987209800474918
2019-04-10,-0.004890716478997895
2019-04-11,0.009711139516841402
2019-04-12,-0.0005029138821749379
2019-04-15,-0.005931313968854343
2019-04-16,-0.0068558366577464724
2019-04-17,-0.005953624289397423
2019-04-18,-0.0023621610597559517
2019-04-19,-0.0017616821758178105
2019-04-22,0.008343846313100109
2019-04-23,0.0026185832378978384
2019-04-24,-0.000535329566065982
2019-04-25,0.008115898022592863
2019-04-26,0.013171567957891317
2019-04-29,-0.01293301003784105
2019-04-30,-0.00020634810866064024
2019-05-01,0.0
2019-05-02,0.0
2019-05-03,0.0
2019-05-06,0.01141611620903641
2019-05-07,-0.0035117882178885935
2019-05-08,0.006263532452687995
2019-05-09,0.006420288226671586
2019-05-10,-0.009167092699271889
2019-05-13,0.004623421713321604
2019-05-14,0.004845847043986273
2019-05-15,-0.011951159602935024
2019-05-16,-0.0003530645150665217
2019-05-17,0.004419017112446338
2019-05-20,0.006343540735662975
2019-05-21,-0.005964156172620916
2019-05-22,-0.0005267570107731307
2019-05-23,0.014066760318187951
2019-05-24,0.0007271288218558456
2019-05-27,0.0007332159659440372
2019-05-28,-0.009222448533977282
2019-05-29,0.005285170710138934
2019-05-30,-0.0014884062978239116
2019-05-31,0.0038190056789865943
2019-06-03,0.005023295414280371
2019-06-04,0.008995027283070703
2019-06-05,0.005391770910759042
2019-06-06,0.0038667735598314117
2019-06-07,0.0
2019-06-10,-0.014090330178408328
2019-06-11,-0.004616794931296964
2019-06-12,0.004757071363053219
2019-06-13,0.00466703000021651
2019-06-14,0.005756025580029411
2019-06-17,-0.001003936825353972
2019-06-18,0.00015612646083873472
2019-06-19,-0.002437953412361823
2019-06-20,0.008798297206551009
2019-06-21,0.0055860941442848295
2019-06-24,0.0001487558163810001
2019-06-25,0.013216773268816465
2019-06-26,-0.011620245318224143
2019-06-27,-0.0026392091969078546
2019-06-28,0.002699840193219486
2019-07-01,-0.021767739801753765
2019-07-02,-0.0005645077146875233
2019-07-03,0.011239542650047193
2019-07-04,0.0008690900697841952
2019-07-05,-0.0033164837244092915
2019-07-08,0.005349058303807126
2019-07-09,0.000833842200066252
2019-07-10,0.0005488023993574325
2019-07-11,0.00762949545787021
2019-07-12,-0.004667272713647937
2019-07-15,0.003312615991464411
2019-07-16,0.001274523411016859
2019-07-17,-0.0036186584967436985
2019-07-18,0.0076185968581797825
2019-07-19,0.0045352254485569645
2019-07-22,-0.004759091890869538
2019-07-23,-0.003457559058214728
2019-07-24,-0.00010364575487635096
2019-07-25,-0.0039060888372821623
2019-07-26,-0.004125778973537239
2019-07-29,-0.004265818166746908
2019-07-30,0.0018085380035163618
2019-07-31,0.005459731482257054
2019-08-01,-0.004814930346289548
2019-08-02,0.007518800643149211
2019-08-05,0.016933346687283597
2019-08-06,0.00530903988333542
2019-08-07,0.004006628880863265
2019-08-08,-0.0020070069798895727
2019-08-09,0.006396647936681191
2019-08-12,-0.006770785996886778
2019-08-13,0.00977172618493527
2019-08-14,-0.010927692448458703
2019-08-15,0.0005390305495789338
2019-08-16,-0.0007228549109383011
2019-08-19,0.006266853994021937
2019-08-20,-0.004293167715149648
2019-08-21,0.0005927312928009076
2019-08-22,-0.002370007955252662
2019-08-23,-0.0043536698836055265
2019-08-26,0.01623767996513122
2019-08-27,-0.005692610563790964
2019-08-28,-0.002078655850391316
2019-08-29,0.003738018875760011
2019-08-30,-0.007522814645330371
2019-09-02,-0.004007761024916881
2019-09-03,0.0002951008443674574
2019-09-04,0.003387082968331937
2019-09-05,0.003766052596414715
2019-09-06,-0.009575047814112928
2019-09-09,-0.0008036267185503139
2019-09-10,-0.0025687995797441703
2019-09-11,0.009598028261014599
2019-09-12,-0.0011002610809724978
2019-09-13,0.0
2019-09-16,-0.0019369368654709174
2019-09-17,0.0005904960695865373
2019-09-18,-0.0037993740072772564
2019-09-19,-0.0014358127371892535
2019-09-20,-0.0038110179829134263
2019-09-23,0.006329334378136098
2019-09-24,0.0008624982687167235
2019-09-25,0.00647545032097574
2019-09-26,-0.0010516139598707088
2019-09-27,-0.00416820718896919
2019-09-30,-0.0018578243651212745
2019-10-01,0.0
2019-10-02,0.0
2019-10-03,0.0
2019-10-04,0.0
2019-10-07,0.0
2019-10-08,-0.006534415859831573
2019-10-09,0.00451830556805044
2019-10-10,-0.005270217906268138
2019-10-11,-0.000555996913428336
2019-10-14,-0.007013487986619752
2019-10-15,0.0013415534990666536
2019-10-16,-0.0014604556108844076
2019-10-17,0.0019189218094517826
2019-10-18,0.0009990714087741992
2019-10-21,-0.00615771865069544
2019-10-22,-0.0030246995319579786
2019-10-23,0.0025239820050075856
2019-10-24,0.0024807108107816798
2019-10-25,0.0016088709537243808
2019-10-28,-0.0017667141451950625
2019-10-29,-0.0072578810654609915
2019-10-30,-0.000996891122840256
2019-10-31,0.0019276028666183422
2019-11-01,-0.004358949337889051
2019-11-04,-0.00469078856302015
2019-11-05,-0.0017899534228123333
2019-11-06,-0.004654559597306651
2019-11-07,0.0014790704951675635
2019-11-08,-0.008140668952608121
2019-11-11,0.00609498384289738
2019-11-12,-0.0023757513729089443
2019-11-13,0.0013134634504668268
2019-11-14,-7.274035099306508e-05
2019-11-15,0.0014023485378885274
2019-11-18,-0.00109613151881575
2019-11-19,-0.003201691897255869
2019-11-20,0.002322619085183682
2019-11-21,0.0019759629447662816
2019-11-22,0.005986789462301874
2019-11-25,-0.005143544493197205
2019-11-26,-0.005157393899002123
2019-11-27,0.0025910727930565924
2019-11-28,0.001606193504159396
2019-11-29,0.005756749093673075
2019-12-02,0.0013961317605274046
2019-12-03,0.0002610821714998197
2019-12-04,0.004645583085694331
2019-12-05,-0.0020591572085315963
2019-12-06,-0.0045923310000624
2019-12-09,-0.001733837322758299
2019-12-10,-0.0008918962893893119
2019-12-11,0.0015491582662462053
2019-12-12,0.001897600454798735
2019-12-13,-0.002845880977328963
2019-12-16,0.0019051330079106572
2019-12-17,7.574065386869132e-05
2019-12-18,0.0013194939392632645
2019-12-19,-0.0013500649275200263
2019-12-20,0.005266147531432916
2019-12-23,0.0013782965286180202
2019-12-24,7.128674661653189e-05
2019-12-25,0.0024108802158884224
2019-12-26,0.001543418116998133
2019-12-27,-0.003528040220330449
2019-12-30,0.008846009241515834
2019-12-31,-0.002528633000174807
2020-01-01,0.0
2020-01-02,-0.009573956939986455
2020-01-03,0.004218183565259345
2020-01-06,0.009130367520733595
2020-01-07,-0.006582470554392946
2020-01-08,0.004480681718837383
2020-01-09,-0.0167343348715228
2020-01-10,0.002342257704922653
2020-01-13,-0.003878400790060299
2020-01-14,-0.0058138957840228045
2020-01-15,0.003530958868151912
2020-01-16,0.0018287444695593478
2020-01-17,0.0006872335820865549
2020-01-20,-0.000754897982543727
2020-01-21,0.008923990736843393
2020-01-22,-0.005033834171269532
2020-01-23,0.011049187700454488
2020-01-24,0.0
2020-01-27,0.0
2020-01-28,0.0
2020-01-29,0.0
2020-01-30,0.0
2020-01-31,0.0
2020-02-03,0.02951286627253491
2020-02-04,-0.020538932406746018
2020-02-05,-0.006752034307780856
2020-02-06,-0.006892592320017784
2020-02-07,0.0017627499373171391
2020-02-10,0.0001065901350936942
2020-02-11,-0.006887686828118208
2020-02-12,-0.0015584153832878629
2020-02-13,0.0013423250516696088
2020-02-14,0.001264430877844669
2020-02-17,0.002267442761966592
2020-02-18,0.0012276461521377735
2020-02-19,0.0059824555733327305
2020-02-20,0.0072843941228944616
2020-02-21,0.003289233896368149
2020-02-24,0.007717295054032994
2020-02-25,-0.00506251569533515
2020-02-26,0.007367519194012573
2020-02-27,-0.0017273084521102582
2020-02-28,-0.03112803568726459
2020-03-02,-0.07296027586375373
2020-03-03,0.013201410601393276
2020-03-04,-0.18105415407790038
2020-03-05,0.007074481943838418
2020-03-06,0.016033594214401314
2020-03-09,0.14213933009567487
2020-03-10,0.004606976863911056
2020-03-11,0.01586143414218551
2020-03-12,0.04571893024898872
2020-03-13,0.021611318784268214
2020-03-16,-0.22644577702554147
2020-03-17,0.0010232731489797642
2020-03-18,0.010548139179061389
2020-03-19,0.0331140962567219
2020-03-20,0.00595104905652059
2020-03-23,0.0987897756608308
2020-03-24,-0.004716034404389131
2020-03-25,-0.007462178108164963
2020-03-26,0.005687147095283655
2020-03-27,0.0048501617053919865
2020-03-30,0.0023395419040371053
2020-03-31,-0.005409217496695873
2020-04-01,-0.0046820413169752495
2020-04-02,-0.003885115279004184
2020-04-03,0.0022747173129084772
2020-04-06,0.0
2020-04-07,0.0005613045005317119
2020-04-08,-0.0018573664257614713
2020-04-09,0.0018066036603325841
2020-04-10,0.003475103427530768
2020-04-13,-0.0008774410406618598
2020-04-14,-0.0010137376551671747
2020-04-15,0.0006090410190522739
2020-04-16,0.0042668320370296
2020-04-17,-0.01106712937373829
2020-04-20,-0.002676340281723588
2020-04-21,0.004701751287396842
2020-04-22,-0.005779749900324038
2020-04-23,0.00520742243798992
2020-04-24,-0.28671909933674916
2020-04-27,-0.20808693398323638
2020-04-28,-0.005299704494440283
2020-04-29,-0.005884050459875094
2020-04-30,1.693273670701651
2020-05-01,0.0
2020-05-04,0.0
2020-05-05,0.0
2020-05-06,0.07042888551546707
2020-05-07,0.006094280057460636
2020-05-08,-0.06994765026441849
2020-05-11,-0.27642338042203585
2020-05-12,-0.001642171146493158
2020-05-13,-0.07935000184023237
2020-05-14,0.0034350028261270022
2020-05-15,0.010196724136875002
2020-05-18,0.3139632362745618
2020-05-19,0.4585273895269452
2020-05-20,-0.04700247458103568
2020-05-21,0.005391591184205698
2020-05-22,0.012029490640497631
2020-05-25,0.0071611866115603995
2020-05-26,0.06043369869906701
2020-05-27,-0.4514418199595831
2020-05-28,-0.0055845085375494374
2020-05-29,-0.10893420716360869
2020-06-01,0.19583912188401886
2020-06-02,-0.0014672237298001638
2020-06-03,0.00782332686965892
2020-06-04,0.008090519406171781
2020-06-05,-0.002636933532730571
2020-06-08,0.019332950162466462
2020-06-09,-0.0050188218190122535
2020-06-10,0.0013841523759976122
2020-06-11,-0.006070109032230004
2020-06-12,0.004229277514800474
2020-06-15,-0.006473082649739077
2020-06-16,0.01272981722450332
2020-06-17,0.009213952467460965
2020-06-18,-0.006855620358939644
2020-06-19,-0.0017191744682154564
2020-06-22,0.005294043595038674
2020-06-23,0.006116045999052799
2020-06-24,-0.006248429664448052
2020-06-25,0.0
2020-06-26,0.0
2020-06-29,-0.0012749779988795815
2020-06-30,0.004967284177669635
2020-07-01,-0.18992763397598744
2020-07-02,-0.013919223367834539
2020-07-03,0.15058480752104605
2020-07-06,-0.352254336521681
2020-07-07,0.01232586593414971
2020-07-08,0.03834307512688947
2020-07-09,-0.0032438403462063583
2020-07-10,0.3259362577063947
2020-07-13,0.14067379168696437
2020-07-14,0.006247319536769528
2020-07-15,0.008596707556311294
2020-07-16,0.012633038280183695
2020-07-17,-0.005331845923157386
2020-07-20,-0.249748996551717
2020-07-21,0.0007643044949131963
2020-07-22,-0.004299834446867064
2020-07-23,-0.005913275961416035
2020-07-24,0.008303910659062073
2020-07-27,0.08057777453866229
2020-07-28,-0.0030033936161382906
2020-07-29,-0.003370688387822101
2020-07-30,0.0008145740689590912
2020-07-31,0.001997294951931794
2020-08-03,-0.006941346398781337
2020-08-04,0.0005433458371421433
2020-08-05,0.004896441914930254
2020-08-06,0.017407653419972226
2020-08-07,-0.0010882527067208603
2020-08-10,0.0004247481807361231
2020-08-11,-0.012116501278361353
2020-08-12,-0.016307447923282942
2020-08-13,0.009070805579837454
2020-08-14,-0.01476508647386987
2020-08-17,-0.015335175265462539
2020-08-18,-0.12622005337655653
2020-08-19,0.009877095857635448
2020-08-20,0.0007151011965369856
2020-08-21,-0.007219858103839331
2020-08-24,0.6589651207516819
2020-08-25,0.013373732914763181
2020-08-26,0.004094177633238753
2020-08-27,0.009504680507234964
2020-08-28,-0.009261995080004581
2020-08-31,-0.28661203348930875
2020-09-01,0.0015080200212111245
2020-09-02,0.007780914352665333
2020-09-03,0.001011053309184125
2020-09-04,0.0032629678712209342
2020-09-07,-0.008168442060617214
2020-09-08,-0.0008915823002490315
2020-09-09,-0.1625253505562769
2020-09-10,-0.002328126532072483
2020-09-11,-0.00698589327630883
2020-09-14,-0.007575530979704056
2020-09-15,-0.013736293026386792
2020-09-16,-0.10325630898912767
2020-09-17,0.03655931891376718
2020-09-18,-0.01950279742899504
2020-09-21,0.737897714858444
2020-09-22,-0.2821927783707063
2020-09-23,-0.0007322477332071995
2020-09-24,0.009370795879926766
2020-09-25,-0.15160912574622745
2020-09-28,0.47394883849822866
2020-09-29,0.0025568265702814452
2020-09-30,-0.0011354645266082506
2020-10-01,0.0
2020-10-02,0.0
2020-10-05,0.0
2020-10-06,0.0
2020-10-07,0.0
2020-10-08,0.0
2020-10-09,-0.16291813972965977
2020-10-12,-0.11486334267763613
2020-10-13,0.25637640172304116
2020-10-14,0.013532416599531527
2020-10-15,-0.09693499470897442
2020-10-16,-0.057691024196788475
2020-10-19,-0.08459403372487306
2020-10-20,0.07200488178686837
2020-10-21,-0.00010088838834336014
2020-10-22,-0.002767032555375544
2020-10-23,0.00037494390522300504
2020-10-26,0.0738055653547629
2020-10-27,0.006795625000002007
2020-10-28,0.0008451142670243082
2020-10-29,0.006787415443811043
2020-10-30,0.004122311651090596
2020-11-02,0.24303296498652718
2020-11-03,0.0013103386056857822
2020-11-04,-0.003604956333048322
2020-11-05,-0.008605627175959807
2020-11-06,-0.007220978494984043
2020-11-09,-0.12419236717565336
2020-11-10,-0.16311741089162987
2020-11-11,-0.00872500362730529
2020-11-12,-0.09966135346981024
2020-11-13,0.1479883151301168
2020-11-16,0.15164287088563846
2020-11-17,0.0033202008566533365
2020-11-18,0.004820458563085661
2020-11-19,-0.006866309459512017
2020-11-20,0.009196350332711748
2020-11-23,-0.024070788819499943
2020-11-24,-0.0037120801970147443
2020-11-25,-0.011584753827741046
2020-11-26,0.003941561592462765
2020-11-27,-0.01734593143810322
2020-11-30,0.15524467342024031
2020-12-01,-0.0805398244397422
2020-12-02,-0.005250825805302821
2020-12-03,0.0013221406163144898
2020-12-04,0.007618934483916076
2020-12-07,0.12117935240403648
2020-12-08,0.004270065618005692
2020-12-09,-0.09730481612991697
2020-12-10,0.005011895094515902
2020-12-11,0.010041259946070857
2020-12-14,-0.24494088331831151
2020-12-15,0.007292003387493659
2020-12-16,0.014600802795814511
2020-12-17,-0.004332972589320491
2020-12-18,-0.13146221196205757
2020-12-21,-0.007458883650753497
2020-12-22,0.0005298742067163902
2020-12-23,-0.13584477131098818
2020-12-24,0.4463082767067072
2020-12-25,0.0011419794129777418
2020-12-28,-0.007931525734623376
2020-12-29,-0.13885808028812088
2020-12-30,-0.15158724750437458
2020-12-31,0.1787090184545629
2021-01-01,0.0
2021-01-04,0.05255791827295224
2021-01-05,-0.011047850746418267
2021-01-06,-0.43902320671499484
2021-01-07,1.4283796553584005
2021-01-08,-0.11073284519613173
2021-01-11,0.0024003840221890798
2021-01-12,-0.1070659574183751
2021-01-13,0.018508519615135145
2021-01-14,0.04862827735921575
2021-01-15,0.003984396202831715
2021-01-18,-0.07922468888893959
2021-01-19,0.0017342355403563072
2021-01-20,0.017392481286071293
2021-01-21,0.0007745624435654026
2021-01-22,0.008204135128265974
2021-01-25,0.7071293588745664
2021-01-26,-0.00428161450501548
2021-01-27,-0.0011272942185349688
2021-01-28,0.0040218651407252955
2021-01-29,-0.027268646046068712
2021-02-01,-0.0018464525693708822
2021-02-02,0.6932824996486326
2021-02-03,-0.15424727088434387
2021-02-04,-0.009867694962844417
2021-02-05,-0.3689216297078352
2021-02-08,2.7399572962981424
2021-02-09,-0.18409614583658296
2021-02-10,-0.16860166074878766
2021-02-11,0.0
2021-02-12,0.0
2021-02-15,0.0
2021-02-16,0.0
2021-02-17,0.0
2021-02-18,0.2357189133048012
2021-02-19,-0.15777502113070796
2021-02-22,0.07058164117784813
2021-02-23,0.00019347840232390246
2021-02-24,0.021129895227302947
2021-02-25,0.00021236247798017693
2021-02-26,0.018759139084393233
2021-03-01,0.3393775380298409
2021-03-02,0.0012038517126783024
2021-03-03,-0.002707309378615335
2021-03-04,0.018178099885997244
2021-03-05,0.00512892293797899
2021-03-08,-0.08004877552966046
2021-03-09,0.0073457663467058065
2021-03-10,-0.0024373635320631415
2021-03-11,-0.013632580264523483
2021-03-12,-0.10573085323662978
2021-03-15,-0.013105380084214656
2021-03-16,0.0010177755342110437
2021-03-17,-0.0018660770569719856
2021-03-18,0.002690645832757724
2021-03-19,0.022845021952043926
2021-03-22,-0.029056289291290227
2021-03-23,0.007502927929266989
2021-03-24,0.02258674479426792
2021-03-25,-0.016873793894928046
2021-03-26,0.13913414515360845
2021-03-29,-0.06571488759685984
2021-03-30,0.049053818510659965
2021-03-31,-0.08878079898636156
2021-04-01,0.3579333508847742
2021-04-02,-0.17162991966351382
2021-04-05,0.0
2021-04-06,0.09910051092252899
2021-04-07,-0.014119836208488962
2021-04-08,0.36123569773945846
2021-04-09,0.007916320355401869
2021-04-12,0.005281508319293934
2021-04-13,-0.00416392879979562
2021-04-14,-3.8993574459134095e-05
2021-04-15,-0.0007419471080739965
2021-04-16,0.00314521853320171
2021-04-19,-0.006648377364941727
2021-04-20,-0.006400733352973013
2021-04-21,0.00039027882976931183
2021-04-22,0.0014800820529985066
2021-04-23,-0.011931019065607118
2021-04-26,-0.0026160506957999905
2021-04-27,0.003649383443719308
2021-04-28,-0.0764877314067622
2021-04-29,-0.00021630751143590123
2021-04-30,0.0019367053422999492
2021-05-03,0.0
2021-05-04,0.0
2021-05-05,0.0
2021-05-06,0.21438959401912625
2021-05-07,0.0011523639563936951
2021-05-10,-0.15139757084771488
2021-05-11,0.0012541102338371841
2021-05-12,0.003626913553847144
2021-05-13,0.013604819125379216
2021-05-14,-0.007672905784162392
2021-05-17,0.022365173637882596
2021-05-18,0.005177739028418745
2021-05-19,-0.006291259728039714
2021-05-20,0.005946889815546363
2021-05-21,0.011594001604293544
2021-05-24,0.2368375506039493
2021-05-25,-0.025860774031279437
2021-05-26,0.003932321607243809
2021-05-27,-0.0036393929137858994
2021-05-28,0.0014284512216181284
2021-05-31,0.08650244292701585
2021-06-01,0.015586237912018408
2021-06-02,0.005812463053333642
2021-06-03,0.018541306904563425
2021-06-04,-0.005695246114479395
2021-06-07,-0.07029811890704014
2021-06-08,-0.015907094309043062
2021-06-09,0.011268993204775627
2021-06-10,0.0012600318125077416
2021-06-11,0.015538933141981959
2021-06-14,0.0
2021-06-15,-0.0014360825866922555
2021-06-16,0.005464310395107494
2021-06-17,-0.0008536412423853315
2021-06-18,0.005249082995516556
2021-06-21,0.4075027070432828
2021-06-22,-0.17187685296703056
2021-06-23,-0.004326562187206617
2021-06-24,-0.010632176350316954
2021-06-25,-0.009792002780265669
2021-06-28,-0.0396088673165275
2021-06-29,0.01242395750898928
2021-06-30,0.001836366174578682
2021-07-01,0.00011056982698768691
2021-07-02,0.023763383060990535
2021-07-05,-0.005515304673984682
2021-07-06,-0.00525864278388799
2021-07-07,0.5082686766545009
2021-07-08,-0.25690372218219787
2021-07-09,-0.0018083599104707542
2021-07-12,-0.004398818676963531
2021-07-13,-0.01211554285775418
2021-07-14,-0.0006825931383164594
2021-07-15,1.3238513857544822
2021-07-16,0.002541705081937259
2021-07-19,-0.23187049521676548
2021-07-20,0.007753084613312737
2021-07-21,0.020731382849074425
2021-07-22,0.004128345256034634
2021-07-23,-0.16514787795823815
2021-07-26,-0.04725001976161469
2021-07-27,0.025960294435062647
2021-07-28,-0.015015125308134166
2021-07-29,0.013223650289411713
2021-07-30,-0.012389487918097502
2021-08-02,0.4891476628216668
2021-08-03,-0.1378481386439295
2021-08-04,-0.005607036356394887
2021-08-05,-0.017087785827670936
2021-08-06,0.39907977297067765
2021-08-09,-0.12137315153575894
2021-08-10,-0.08821081382911078
2021-08-11,-0.17451384600698006
2021-08-12,-0.003515578094960059
2021-08-13,0.1617641481208887
2021-08-16,1.3548692817239019
2021-08-17,0.021684275858065205
2021-08-18,-0.21118955877990128
2021-08-19,-0.11191550725672676
2021-08-20,0.018108230713395918
2021-08-23,-0.17507259268418018
2021-08-24,-0.0030470815093664267
2021-08-25,0.16366575330746427
2021-08-26,0.015105306918401801
2021-08-27,-0.11517416513660302
2021-08-30,-0.0035676625378834688
2021-08-31,0.28852441237291054
2021-09-01,0.30149864969753115
2021-09-02,0.004565309001000273
2021-09-03,-0.10012374048772754
2021-09-06,-0.08767783727409473
2021-09-07,-0.11516903157642959
2021-09-08,0.23075469162812312
2021-09-09,-0.08413832350314154
2021-09-10,-0.009565225664266578
2021-09-13,-0.2271712949058593
2021-09-14,1.2839808888612416
2021-09-15,0.6715447496294552
2021-09-16,-0.08026855538673916
2021-09-17,-0.08921881790945185
2021-09-20,0.0
2021-09-21,0.0
2021-09-22,0.01542882805329652
2021-09-23,0.18658906428530617
2021-09-24,-0.01443438658663021
2021-09-27,-0.03367917597688981
2021-09-28,0.006973937491068671
2021-09-29,-0.18155913838561785
2021-09-30,0.0020801072703229284
2021-10-01,0.0
2021-10-04,0.0
2021-10-05,0.0
2021-10-06,0.0
2021-10-07,0.0
2021-10-08,-0.09413857855892101
2021-10-11,-0.10741491822915468
2021-10-12,0.008610412572831313
2021-10-13,0.2690108983136288
2021-10-14,-0.10682209467198049
2021-10-15,-0.022181992312072813
2021-10-18,-0.0478598035180083
2021-10-19,0.25241047848142917
2021-10-20,-0.004646122398879959
2021-10-21,-0.11562466541365964
2021-10-22,-0.003845721927327128
2021-10-25,-0.004119642136575748
2021-10-26,0.15914207709069192
2021-10-27,0.006076115509382325
2021-10-28,0.0009628329320759592
2021-10-29,7.64954216612157e-05
2021-11-01,0.0786987157610702
2021-11-02,-0.10508795602432541
2021-11-03,0.004154052453077391
2021-11-04,-0.004516499074731987
2021-11-05,0.002019143810992922
2021-11-08,0.24665773204410157
2021-11-09,-0.09154959215365306
2021-11-10,-0.005074048454416872
2021-11-11,-0.24692644387875218
2021-11-12,1.279635012269088
2021-11-15,0.0833804645529802
2021-11-16,-0.10655105784318981
2021-11-17,-0.0711922848206528
2021-11-18,0.009942833585186328
2021-11-19,0.2659912536173164
2021-11-22,-0.153381492926447
2021-11-23,0.0032831567373391803
2021-11-24,-0.04538389486727512
2021-11-25,0.3099210315284335
2021-11-26,0.3278656391974039
2021-11-29,0.0012695781627609648
2021-11-30,-0.2619736109701322
2021-12-01,-0.0024413816921411793
2021-12-02,0.3673086392150627
2021-12-03,-0.12027922622373828
2021-12-06,-0.12911174029029007
2021-12-07,-0.050495206236524516
2021-12-08,0.3609589103268674
2021-12-09,-0.0049353743317233825
2021-12-10,-0.13552388928093714
2021-12-13,-0.17632300673209178
2021-12-14,0.006625319790037147
2021-12-15,0.42919224276216456
2021-12-16,0.05121400698628616
2021-12-17,0.00920618128812108
2021-12-20,0.10627204959788546
2021-12-21,-0.12150645165165459
2021-12-22,0.0004944340377145418
2021-12-23,0.14148084465133212
2021-12-24,-0.03501821377457004
2021-12-27,-0.0769770143612261
2021-12-28,0.2622161187046415
2021-12-29,-0.10239358429367407
2021-12-30,-0.007231222974201905
2021-12-31,-0.05300072910071951
2022-01-03,0.0
2022-01-04,-0.03344241827609862
2022-01-05,-0.0031073675889585015
2022-01-06,0.009906894877454886
2022-01-07,-0.01816571881625569
2022-01-10,0.23049725262511464
2022-01-11,-0.0020236293696493934
2022-01-12,-0.14804848631592935
2022-01-13,-0.009276858694625505
2022-01-14,0.011149307872963274
2022-01-17,0.1560680259584238
2022-01-18,-0.013538537710926427
2022-01-19,0.20718516197692594
2022-01-20,-0.07877210572717135
2022-01-21,0.0019579171533020317
2022-01-24,-0.009802701287317936
2022-01-25,0.0011928471899289965
2022-01-26,-0.006913015983956401
2022-01-27,0.00034613820784353336
2022-01-28,-0.08664163571764331
2022-01-31,0.0
2022-02-01,0.0
2022-02-02,0.0
2022-02-03,0.0
2022-02-04,0.0
2022-02-07,-0.007442666538215051
2022-02-08,0.027927318869582107
2022-02-09,-0.06651094732009111
2022-02-10,-0.004230134276526372
2022-02-11,0.004071848084223746
2022-02-14,-0.0006616341956185989
2022-02-15,-0.014474317511179927
2022-02-16,0.0021919439218783436
2022-02-17,-0.0015267125020194485
2022-02-18,0.002349939876486351
2022-02-21,0.168214600998536
2022-02-22,-0.21536967421616396
2022-02-23,-0.011139102400871495
2022-02-24,0.018630783311549288
2022-02-25,0.039816689785455085
2022-02-28,0.009222968152728975
2022-03-01,0.0204880982042183
2022-03-02,0.013049390865114068
2022-03-03,5.232355517622179e-05
2022-03-04,0.015015663750123568
2022-03-07,0.043860126510608964
2022-03-08,0.026207337609997494
2022-03-09,0.01530104856876639
2022-03-10,0.4665739085871972
2022-03-11,-0.00473092076906001
2022-03-14,0.01643897807154008
2022-03-15,0.01148009398267661
2022-03-16,-0.03254219011970372
2022-03-17,0.00240287353773061
2022-03-18,0.00280666223046285
2022-03-21,0.0024580461603953183
2022-03-22,0.010644502686518878
2022-03-23,0.0008545974457637344
2022-03-24,0.008007345444027666
2022-03-25,0.013709389939096945
2022-03-28,-0.12418628575728108
2022-03-29,0.005499714945247184
2022-03-30,-0.019664611107061823
2022-03-31,-0.20590587410079755
2022-04-01,-0.013975100034377927
2022-04-04,0.0
2022-04-05,0.0
2022-04-06,0.16087904752507956
2022-04-07,0.004959457122532799
2022-04-08,0.606967407218648
2022-04-11,0.006254763526577462
2022-04-12,0.03574505991191834
2022-04-13,-0.06729242543256024
2022-04-14,-0.0008159608419571942
2022-04-15,-0.018223632279776563
2022-04-18,-0.05122563119567577
2022-04-19,-0.0013292948152551585
2022-04-20,0.018191027705360813
2022-04-21,0.0016810621189810755
2022-04-22,-0.00793540526564144
2022-04-25,0.04469690328582924
2022-04-26,0.003901770757414454
2022-04-27,0.07237625425881666
2022-04-28,-0.005407036457622416
2022-04-29,-0.009886523325444449
2022-05-02,0.0
2022-05-03,0.0
2022-05-04,0.0
2022-05-05,-0.011913034797174945
2022-05-06,-0.001529732646879351
2022-05-09,0.006690225943065527
2022-05-10,0.005986124764743434
2022-05-11,-0.00626598735698399
2022-05-12,0.008398822663116756
2022-05-13,-0.06532723248703773
2022-05-16,-0.028146716463030463
2022-05-17,-0.010160868097447576
2022-05-18,-0.008608825113291493
2022-05-19,-0.010645715159047739
2022-05-20,0.020344266200623608
2022-05-23,0.0073368730049900854
2022-05-24,-0.02312514850651337
2022-05-25,0.008437544463002267
2022-05-26,0.00043132482897959923
2022-05-27,-0.01056613117733681
2022-05-30,-0.0003846080273612147
2022-05-31,0.5618752919725162
2022-06-01,0.24057237412103058
2022-06-02,-0.12069116524076218
2022-06-03,0.0
2022-06-06,-0.007885045958093029
2022-06-07,0.0004432352338741654
2022-06-08,-0.3064575004366111
2022-06-09,-0.00046688167554287396
2022-06-10,-0.0036747604376619804
2022-06-13,-0.1157244287851111
2022-06-14,0.3444341595740786
2022-06-15,-0.17571566193828567
2022-06-16,-0.022897614880977153
2022-06-17,-0.004138428076219336
2022-06-20,-0.01694126764797984
2022-06-21,0.0850682506315138
2022-06-22,-0.06151397381846739
2022-06-23,0.006886459807353768
2022-06-24,0.08170446518524728
2022-06-27,-0.028287038943709025
2022-06-28,0.0015738740159929598
2022-06-29,-0.005509475907394479
2022-06-30,-0.010423579519336517
2022-07-01,-0.003510877690882615
2022-07-04,0.23055963362764786
2022-07-05,-0.002548262245003448
2022-07-06,0.0035642198274960703
2022-07-07,0.006672405069120035
2022-07-08,-0.002216996594437748
2022-07-11,-0.13464688300996497
2022-07-12,-0.0026833616397494344
2022-07-13,0.004522910992942035
2022-07-14,0.002820307421700178
2022-07-15,0.002165204198199433
2022-07-18,0.14680398915200896
2022-07-19,-0.16456461498339056
2022-07-20,0.0013121343609015694
2022-07-21,0.0067978747023812085
2022-07-22,0.0026299701132598274
2022-07-25,-0.06800941570883978
2022-07-26,-0.003914746889422578
2022-07-27,0.002391020455612606
2022-07-28,0.007488564718927708
2022-07-29,0.005583923477141354
2022-08-01,-0.05200118741750034
2022-08-02,-0.007346954181431348
2022-08-03,0.017460119593690464
2022-08-04,-0.0054543636782538405
2022-08-05,-0.008343987767667205
2022-08-08,0.09400878290076227
2022-08-09,-0.0035762328717532377
2022-08-10,0.012892352174787939
2022-08-11,-0.00943852521721733
2022-08-12,-0.005278011317772539
2022-08-15,-0.15084375104896194
2022-08-16,0.029820327236029825
2022-08-17,-0.014139193517343052
2022-08-18,-0.005376691891900154
2022-08-19,-0.03138257733962594
2022-08-22,0.007491770422758873
2022-08-23,0.0010144515939537468
2022-08-24,0.30932612483281285
2022-08-25,-0.14863433258257597
2022-08-26,0.004554046548553181
2022-08-29,0.02646372797493653
2022-08-30,-0.026930524067852974
2022-08-31,-0.007967035453651294
2022-09-01,0.07176829251831962
2022-09-02,-0.026142787356341568
2022-09-05,0.305558345093871
2022-09-06,-0.0035906682774489163
2022-09-07,-0.1151732666246349
2022-09-08,-0.03789382610804418
2022-09-09,-0.001355261200336022
2022-09-12,0.0
2022-09-13,0.04785110303533602
2022-09-14,-0.0017403488929313617
2022-09-15,0.012966018246060473
2022-09-16,0.0033438516442697956
2022-09-19,-0.10355006073877897
2022-09-20,0.009827420853217602
2022-09-21,0.007942112083007732
2022-09-22,-3.240078118504908e-05
2022-09-23,0.000682921740562096
2022-09-26,0.22588813705806365
2022-09-27,0.04563793766412442
2022-09-28,0.009819231163086656
2022-09-29,-0.19783044641725334
2022-09-30,0.005234635206199638
2022-10-03,0.0
2022-10-04,0.0
2022-10-05,0.0
2022-10-06,0.0
2022-10-07,0.0
2022-10-10,0.33758363342623493
2022-10-11,-0.16984203126348163
2022-10-12,-0.011575316205762501
2022-10-13,0.004053228597715508
2022-10-14,-0.01915944834778079
2022-10-17,-0.0059221706922788124
2022-10-18,0.009474847716530694
2022-10-19,0.013035605527358015
2022-10-20,-0.000684665572060668
2022-10-21,-0.003220558466900984
2022-10-24,0.006972968955498926
2022-10-25,0.0009479548566748708
2022-10-26,-0.030087143702460017
2022-10-27,0.012064245535811386
2022-10-28,0.0006815518478680005
2022-10-31,0.03858997711608414
2022-11-01,-0.024314041373216057
2022-11-02,-0.0022387722788700017
2022-11-03,0.008037118472151864
2022-11-04,-0.022320461970348315
2022-11-07,0.001944846166436938
2022-11-08,0.009665113957049757
2022-11-09,0.013643102961661897
2022-11-10,0.01093123017991445
2022-11-11,-0.007506483891169591
2022-11-14,-0.0029713097358923983
2022-11-15,-0.012440305023789715
2022-11-16,0.007272979093242167
2022-11-17,0.006518252583562497
2022-11-18,0.0012756290377339274
2022-11-21,-0.1201395226344952
2022-11-22,0.0006482340756128006
2022-11-23,0.0011038888252388932
2022-11-24,0.006651838313237271
2022-11-25,0.00040688944435666573
2022-11-28,-0.1483764878197292
2022-11-29,0.000601550939806815
2022-11-30,-0.001960185537022078
2022-12-01,-0.0013365818880829074
2022-12-02,-0.0027874476401390513
2022-12-05,0.2458048742861476
2022-12-06,-0.15582180961299533
2022-12-07,0.000563786039211404
2022-12-08,0.010895463101343447
2022-12-09,-0.008213549622279603
2022-12-12,0.0012037828165762186
2022-12-13,-1.986955032103532e-05
2022-12-14,-0.07735252783625923
2022-12-15,0.285376185962631
2022-12-16,0.005072801174611545
2022-12-19,-0.20202493108734176
2022-12-20,-0.008288004765626855
2022-12-21,0.003364236481865679
2022-12-22,0.021252452040439573
2022-12-23,0.043044771773018096
2022-12-26,0.03848067231546134
2022-12-27,0.0014857683906073227
2022-12-28,-0.01072665784950085
2022-12-29,-0.002135801297413235
2022-12-30,0.0020673864690216037
2023-01-02,0.0
2023-01-03,-0.0036982321449375855
2023-01-04,0.0022800700955696307
2023-01-05,-0.010154007707720847
2023-01-06,-0.003958584046526492
2023-01-09,0.0019036632967130984
2023-01-10,-0.002788577875679543
2023-01-11,0.004441839721300744
2023-01-12,-0.0016083117752448972
2023-01-13,-0.053074873001690004
2023-01-16,0.3317698549947044
2023-01-17,-0.16650035280571665
2023-01-18,0.0005775638660115989
2023-01-19,-0.0023504529881986556
2023-01-20,0.17067711554280315
2023-01-23,0.0
2023-01-24,0.0
2023-01-25,0.0
2023-01-26,0.0
2023-01-27,0.0
2023-01-30,-0.04151507319361677
2023-01-31,-0.0053992731446794
2023-02-01,-0.0531530719171559
2023-02-02,0.010118094646528686
2023-02-03,0.009713856071215665
2023-02-06,-0.09966752645909376
2023-02-07,0.000851800217578432
2023-02-08,0.0002550583882842501
2023-02-09,0.012696380050385647
2023-02-10,0.0029214375239147903
2023-02-13,-0.23634227848554742
2023-02-14,3.506025349715048
2023-02-15,0.013330652726480707
2023-02-16,-0.12265836448524878
2023-02-17,-0.17756322381587067
2023-02-20,0.7460539120031352
2023-02-21,-0.10019761031965276
2023-02-22,0.01098342602508843
2023-02-23,-0.293863016863351
2023-02-24,1.6987322313731168
2023-02-27,-0.00964081868553368
2023-02-28,0.3435346792000545
2023-03-01,-0.00894956331783699
2023-03-02,0.00522576988514134
2023-03-03,0.3241522608287541
2023-03-06,-0.04968335737014932
2023-03-07,0.012184958537353241
2023-03-08,-0.25564590549000815
2023-03-09,2.42326226645367
2023-03-10,-0.04464252451505205
2023-03-13,-0.14332097602964444
2023-03-14,-0.20908788137038337
2023-03-15,0.7845218204057095
2023-03-16,-0.10920278945702555
2023-03-17,-0.008075372236149106
2023-03-20,0.06326695290372253
2023-03-21,0.10456751647827793
2023-03-22,0.002567765963923459
2023-03-23,0.061537558182461385
2023-03-24,-0.03379784830440128
2023-03-27,0.008435415835793363
2023-03-28,0.39167098096288283
2023-03-29,-0.14712734253187296
2023-03-30,-0.055344686248072684
2023-03-31,-0.18992069336442396
2023-04-03,0.7801847082231457
2023-04-04,-0.13006039954238555
2023-04-05,0.0
2023-04-06,-0.002803837495216917
2023-04-07,-0.02186730860407312
2023-04-10,0.00964650653571893
2023-04-11,-0.008624602544456591
2023-04-12,-0.0005568340696288458
2023-04-13,-0.1729594875750882
2023-04-14,-0.007440311752393495
2023-04-17,0.8929789382879165
2023-04-18,-0.16668652542124032
2023-04-19,0.005380366221970653
2023-04-20,-0.05692045082564471
2023-04-21,0.15924834068309066
2023-04-24,-0.00019784577534294988
2023-04-25,-0.06061683168028158
2023-04-26,0.0005020672489349047
2023-04-27,0.02286282427122588
2023-04-28,0.0025104663013781146
2023-05-01,0.0
2023-05-02,0.0
2023-05-03,0.0
2023-05-04,0.1498529124445147
2023-05-05,-0.029614911339351492
2023-05-08,0.10209389638046984
2023-05-09,0.3424624569196036
2023-05-10,-0.15727209295366917
2023-05-11,0.0053261091811416614
2023-05-12,-0.004021887817799958
2023-05-15,0.35936759048618355
2023-05-16,-0.16097828350242452
2023-05-17,0.0035456566619977608
2023-05-18,-0.09509441871306486
2023-05-19,-0.1070670199904888
2023-05-22,-0.10380563847626116
2023-05-23,-0.08636619201318045
2023-05-24,0.0011018224649928712
2023-05-25,-0.0013552817098381187
2023-05-26,0.000649926703152485
2023-05-29,0.006138747927526962
2023-05-30,-0.0013416156853559198
2023-05-31,0.0025784692753940686
2023-06-01,0.129066597035952
2023-06-02,-0.004160726562550435
2023-06-05,0.012668274554894277
2023-06-06,0.01481457028487813
2023-06-07,0.01130726686688958
2023-06-08,-0.005307382439492839
2023-06-09,-0.006441961878913919
2023-06-12,0.004729957911575748
2023-06-13,-0.00026529232962009975
2023-06-14,0.0011110798267980337
2023-06-15,-0.016206878802632236
2023-06-16,0.25832070681711783
2023-06-19,0.1882578764571463
2023-06-20,-0.3061791310214272
2023-06-21,-0.1027532813663496
2023-06-22,0.0
2023-06-23,0.0
2023-06-26,0.21788828742762037
2023-06-27,-0.0072501032319672865
2023-06-28,0.004721194335781664
2023-06-29,-0.03115522203888995
2023-06-30,0.1964749003897961
2023-07-03,-0.10870538538943615
2023-07-04,-0.1049488936668207
2023-07-05,-0.29130451986468203
2023-07-06,3.2377747634527263
2023-07-07,-0.10950581274496467
2023-07-10,-0.0577643798413513
2023-07-11,-0.006594041102877572
2023-07-12,0.18693515237496658
2023-07-13,0.010210558927065277
2023-07-14,-0.10957655252130254
2023-07-17,0.04605622644137138
2023-07-18,0.004680669649975859
2023-07-19,0.2991575207886634
2023-07-20,-0.004020052419586065
2023-07-21,0.0052852027613094306
2023-07-24,-0.12554120491585352
2023-07-25,0.16225571034509625
2023-07-26,-0.10872025164507071
2023-07-27,0.005652973369678331
2023-07-28,-0.2626636754414473
2023-07-31,1.147795937562998
2023-08-01,0.0020781491184242995
2023-08-02,0.004098314150619675
2023-08-03,-0.046131511861261854
2023-08-04,0.07782759365882452
2023-08-07,-0.09306639165363106
2023-08-08,0.0035771659355899135
2023-08-09,-0.19900213488917137
2023-08-10,0.348031670800675
2023-08-11,0.009825814895048413
2023-08-14,0.016039084022930937
2023-08-15,-0.04745558223304532
2023-08-16,0.3278520961150991
2023-08-17,0.009254063449896469
2023-08-18,-0.1251963164546146
2023-08-21,-0.021956985500507543
2023-08-22,0.021376919744221772
2023-08-23,0.013246313560415649
2023-08-24,-0.013440256504687276
2023-08-25,-0.002600882963587255
2023-08-28,0.004965539270535186
2023-08-29,-0.006618509267239947
2023-08-30,-0.004623171821174592
2023-08-31,0.006124588936640511
2023-09-01,0.14391992645171695
2023-09-04,-0.06412935031124722
2023-09-05,-0.001702892380033738
2023-09-06,0.0013483980787643382
2023-09-07,0.007366670577997225
2023-09-08,-0.0019583874130957675
2023-09-11,-0.004788379218055935
2023-09-12,-0.0027753080869765316
2023-09-13,0.005284637285642768
2023-09-14,-0.004250231458738559
2023-09-15,0.01545752795724246
2023-09-18,0.06867818014620419
2023-09-19,-0.004455895424409125
2023-09-20,0.0011745093650469642
2023-09-21,0.00429272462008549
2023-09-22,-0.012484906850052251
2023-09-25,-0.05507561113042806
2023-09-26,-0.02308458158519729
2023-09-27,0.008329564516931712
2023-09-28,0.08920707579444116
2023-09-29,0.0
2023-10-02,0.0
2023-10-03,0.0
2023-10-04,0.0
2023-10-05,0.0
2023-10-06,0.0
2023-10-09,-0.11429659968944643
2023-10-10,-0.015637675709151533
2023-10-11,0.02745951499368456
2023-10-12,0.0015485019758029548
2023-10-13,0.004392485199906611
2023-10-16,0.06293667562873842
2023-10-17,0.008978338153082762
2023-10-18,-0.004755440897160623
2023-10-19,0.00627265220942482
2023-10-20,0.04542529630861184
2023-10-23,0.005387981207998031
2023-10-24,-0.03706055686075601
2023-10-25,0.010370871191465328
2023-10-26,0.05600787650773716
2023-10-27,0.13535429247254024
2023-10-30,-0.11107858006223803
2023-10-31,0.0028865135394731864
2023-11-01,-0.03469661829305748
2023-11-02,0.19633736175895947
2023-11-03,0.34539150266933705
2023-11-06,-0.0413203983005878
2023-11-07,-0.16502715882449373
2023-11-08,0.004932994634464097
2023-11-09,-0.006614591731783988
2023-11-10,0.005255004527680388
2023-11-13,0.135524028068068
2023-11-14,-0.02665533373402529
2023-11-15,-0.00023576197274144395
2023-11-16,-0.0002879064915826124
2023-11-17,-0.00021349966061164527
2023-11-20,0.21455952672085662
2023-11-21,0.0031689770078748474
2023-11-22,-0.08657356525521909
2023-11-23,-0.29857136209957497
2023-11-24,2.248392204027468
2023-11-27,0.003927541907504476
2023-11-28,0.0024028048888833364
2023-11-29,0.004455336682446724
2023-11-30,0.18444405524779908
2023-12-01,0.017065426473668932
2023-12-04,-0.05077544526845209
2023-12-05,0.007373585583097678
2023-12-06,0.0068398604125298555
2023-12-07,0.0032064474805327814
2023-12-08,-0.0050607200652943805
2023-12-11,0.019123734366012113
2023-12-12,0.005646759731692745
2023-12-13,0.002200742554291627
2023-12-14,0.004734524935596747
2023-12-15,0.001579885018744842
2023-12-18,0.003193048676828828
2023-12-19,0.006285394976283554
2023-12-20,0.013648925833171344
2023-12-21,0.006004153225019421
2023-12-22,-0.010518294821875532
2023-12-25,0.03792608264750408
2023-12-26,0.003382856780873541
2023-12-27,-0.15799437651552165
2023-12-28,-0.016818717287098866
2023-12-29,-0.11526143882703437
2024-01-01,0.0
2024-01-02,0.05695897774619348
2024-01-03,0.0012109718191504193
2024-01-04,0.0006832430457185401
2024-01-05,-0.008184621673518152
2024-01-08,0.18532099929118281
2024-01-09,0.004614324444986995
2024-01-10,0.009095073718725828
2024-01-11,0.0030144946585318744
2024-01-12,-0.03466248926640977
2024-01-15,-0.004152702382595315
2024-01-16,-0.011676440468990523
2024-01-17,0.02331718740670115
2024-01-18,0.5373799501586434
2024-01-19,-0.006077252607901447
2024-01-22,0.011740634931003488
2024-01-23,0.004137757255466279
2024-01-24,-0.03210463608520116
2024-01-25,0.010012165053430538
2024-01-26,-0.014200595515405423
2024-01-29,-0.08650935568251261
2024-01-30,-0.003761225548930436
2024-01-31,-0.0025778235802201097
2024-02-01,0.23190754488728826
2024-02-02,-0.0031684266318950938
2024-02-05,-0.32685511996927985
2024-02-06,-0.008417154966019098
2024-02-07,-0.00042662264486781343
2024-02-08,-0.03294809498019684
2024-02-09,0.0
2024-02-12,0.0
2024-02-13,0.0
2024-02-14,0.0
2024-02-15,0.0
2024-02-16,0.0
2024-02-19,9.04678958999483e-05
2024-02-20,-0.002046431173771346
2024-02-21,-0.10955250896040965
2024-02-22,0.289785675273591
2024-02-23,0.04086648659977247
2024-02-26,-0.06190132033884932
2024-02-27,0.23573137052514861
2024-02-28,-0.007523173075330718
2024-02-29,-0.1327104653682869
2024-03-01,-0.005553493412006653
2024-03-04,0.04421823373894984
2024-03-05,-0.12636250219558826
2024-03-06,0.2758593234244507
2024-03-07,0.019544849688236964
2024-03-08,0.008840140703306446
2024-03-11,0.008457749913401313
2024-03-12,-0.004770196008723823
2024-03-13,-0.04929881650169654
2024-03-14,-0.0482803785231137
2024-03-15,0.007187768260720281
2024-03-18,0.1782728728094752
2024-03-19,0.1596963705620763
2024-03-20,-0.08859800333418828
2024-03-21,-0.005349496477476327
2024-03-22,0.0820823459896561
2024-03-25,-0.12132400645243294
2024-03-26,-0.015646105663771302
2024-03-27,0.04608052414678976
2024-03-28,-0.021108420082990593
2024-03-29,-0.04009347471972154
2024-04-01,0.08457655292801136
2024-04-02,0.10180500714153713
2024-04-03,-0.05776775415907435
2024-04-04,0.0
2024-04-05,0.0
2024-04-08,0.11499194853925084
2024-04-09,-0.016024509628534227
2024-04-10,-0.09501075194919824
2024-04-11,0.12311795935107561
2024-04-12,0.0029297604924959364
2024-04-15,-0.14330954624668368
2024-04-16,0.13524888575581884
2024-04-17,-0.0518431967174926
2024-04-18,-0.01089242853922375
2024-04-19,0.1346457751257386
2024-04-22,-0.1109540326898279
2024-04-23,-0.03968084682723222
2024-04-24,0.007549071545361552
2024-04-25,0.0025285049999427267
2024-04-26,-0.13944429569780387
2024-04-29,0.4773825107933938
2024-04-30,0.2907156968124065
2024-05-01,0.0
2024-05-02,0.0
2024-05-03,0.0
2024-05-06,0.15621517153701958
2024-05-07,-0.001727864474334706
2024-05-08,-0.006403791053929889
2024-05-09,0.001133131681653854
2024-05-10,0.007769689546375988
2024-05-13,-0.011949522252312902
2024-05-14,-0.1526344622259832
2024-05-15,0.00906630738347721
2024-05-16,0.026016632597441136
2024-05-17,0.2455772243620769
2024-05-20,0.006127846544312976
2024-05-21,-0.09255247224170637
2024-05-22,-0.004563382660063545
2024-05-23,0.027778844089083748
2024-05-24,-0.150953011359272
2024-05-27,0.12835418159490863
2024-05-28,-0.021565620043801175
2024-05-29,0.06951532611366736
2024-05-30,-0.07103748882318824
2024-05-31,0.19084979398387955
2024-06-03,-0.11080011494359036
2024-06-04,0.009988035863611706
2024-06-05,-0.024166695650882437
2024-06-06,-0.007479656467884177
2024-06-07,-0.017762411908053426
2024-06-10,0.0
2024-06-11,0.04685782662319774
2024-06-12,-0.004856117954370465
2024-06-13,0.006348829856043052
2024-06-14,-0.0036223847443074275
2024-06-17,-0.09691896883915652
2024-06-18,-0.0037738531253819207
2024-06-19,0.00810530454003422
2024-06-20,0.010493426561253627
2024-06-21,0.0020511487820562
2024-06-24,0.4649170956380648
2024-06-25,-0.013251681784928526
2024-06-26,-0.0036094950839500317
2024-06-27,-0.0009710958035135109
2024-06-28,0.00024106415368537392
2024-07-01,0.003070099130006998
2024-07-02,0.13254243542856373
2024-07-03,-0.1374026235109894
2024-07-04,0.029555013135335446
2024-07-05,0.045747622408716514
2024-07-08,-0.0012926012013336763
2024-07-09,-0.03260076567213925
2024-07-10,0.19433280537318964
2024-07-11,-0.10288546915402585
2024-07-12,-0.012254077592969481
2024-07-15,0.00127835190142885
2024-07-16,0.0004920890179670083
2024-07-17,-0.007758754829203074
2024-07-18,-0.005448298732178891
2024-07-19,-0.006844062552628631
2024-07-22,-0.0020384857483718797
2024-07-23,0.006614614967083784
2024-07-24,0.0038420750757013713
2024-07-25,-0.0020089034487351665
2024-07-26,-0.029685838010827175
2024-07-29,-0.15897766783455122
2024-07-30,0.04843546380323671
2024-07-31,0.013858790826614786
2024-08-01,-0.05006742282502741
2024-08-02,0.0012610633609506285
2024-08-05,0.006772034970131162
2024-08-06,0.008220925140610569
2024-08-07,0.033330177948067106
2024-08-08,-0.026219900706932402
2024-08-09,-0.04452559958694258
2024-08-12,0.043523037081548
2024-08-13,0.002525157762759596
2024-08-14,0.003453469015344786
2024-08-15,-0.0025688431222898878
2024-08-16,0.18546147178279818
2024-08-19,-0.16430678920094718
2024-08-20,-0.0018029840695873434
2024-08-21,0.012216880194210522
2024-08-22,0.0010596298191184832
2024-08-23,-0.014863205154879636
2024-08-26,-0.005462400978217152
2024-08-27,0.00010182375244912212
2024-08-28,0.3378832988821309
2024-08-29,-0.0067227131504694615
2024-08-30,-0.17949418421369592
2024-09-02,-0.06713226758771344
2024-09-03,0.005336188031988135
2024-09-04,-0.007092275287907568
2024-09-05,0.0005508952034851688
2024-09-06,0.10059705517346036
2024-09-09,-0.038987653828033486
2024-09-10,-0.0011635052477044772
2024-09-11,0.010386524575291805
2024-09-12,0.0028923288042469464
2024-09-13,-0.005084610168101059
2024-09-16,0.0
2024-09-17,0.0
2024-09-18,-0.07267959210166253
2024-09-19,-0.0021369976174235123
2024-09-20,0.0018238213083456114
2024-09-23,0.04618461664194958
2024-09-24,-0.04043739118999112
2024-09-25,0.005075717638884109
2024-09-26,-0.005398983571952419
2024-09-27,-0.012861374789412773
2024-09-30,0.002924568294914165
2024-10-01,0.0
2024-10-02,0.0
2024-10-03,0.0
2024-10-04,0.0
2024-10-07,0.0
2024-10-08,-0.07975337202971881
2024-10-09,0.06026052089741222
2024-10-10,-0.10432600235905616
2024-10-11,0.02177275238684247
2024-10-14,-0.00656415913449219
2024-10-15,0.6851179966007757
2024-10-16,0.01213911264367858
2024-10-17,-0.20486769384080564
2024-10-18,-0.07330310591271108
2024-10-21,-0.2417863468402145
2024-10-22,0.8557030326312917
2024-10-23,-0.002388114908488596
2024-10-24,0.0068666751794541625
2024-10-25,0.0007051445229158126
2024-10-28,0.0070975769498927335
2024-10-29,-0.21204874534843168
2024-10-30,0.5988870002093593
2024-10-31,0.001177798278743869
2024-11-01,-0.05491175569238157
2024-11-04,-0.08407695632615608
2024-11-05,-0.004515841545464472
2024-11-06,0.006767809011630173
2024-11-07,-0.007663992013361504
2024-11-08,0.006462258543177168
2024-11-11,0.015845079701734877
2024-11-12,0.0031932150831477752
2024-11-13,-0.0031812168602922686
2024-11-14,0.0013834238894320956
2024-11-15,-0.01273169185237355
2024-11-18,-0.08893812611615359
2024-11-19,0.005556183753695895
2024-11-20,0.0027649296286778036
2024-11-21,0.002501755183877963
2024-11-22,-0.009425638020654957
2024-11-25,0.10804759976067158
2024-11-26,0.009992778583576759
2024-11-27,-0.00551674483766651
2024-11-28,0.011248990416514245
2024-11-29,-0.005632347235967246
2024-12-02,0.11357654597184112
2024-12-03,0.007129484934462971
2024-12-04,0.00010663633080865154
2024-12-05,-0.0781968528030017
2024-12-06,-0.008347882316138144
2024-12-09,0.004752016621924482
2024-12-10,-0.006683492996821953
2024-12-11,0.15082107661878097
2024-12-12,0.004050872201064518
2024-12-13,0.04495048106330839
2024-12-16,0.2003277215446846
2024-12-17,-0.17301021964654298
2024-12-18,-0.0034639514363505137
2024-12-19,-0.009302707067597801
2024-12-20,0.005062786934536138
2024-12-23,-0.00900751067170243
2024-12-24,0.03131535219542436
2024-12-25,-0.03420251560241735
2024-12-26,0.007267371501501622
2024-12-27,-0.0005551813516878981
2024-12-30,-0.016307119336367602
2024-12-31,0.6702547720848706
2025-01-01,0.0
2025-01-02,0.035994903311189895
2025-01-03,-0.2219547042918367
2025-01-06,0.07931522661762076
2025-01-07,-0.0031912706165216536
2025-01-08,0.0029065308288265257
2025-01-09,0.0010472212736756248
2025-01-10,-0.006130997281091677
2025-01-13,-0.18880797457916842
2025-01-14,-0.012833141136927647
2025-01-15,0.004610671689490475
2025-01-16,0.0007000292483717585
2025-01-17,0.0026142591800989807
2025-01-20,-0.013932370269934732
2025-01-21,-0.010245212841941465
2025-01-22,0.0008737873287481737
2025-01-23,0.0602636890324885
2025-01-24,0.003190454395697392
2025-01-27,-0.03944588976091482
2025-01-28,0.0
2025-01-29,0.0
2025-01-30,0.0
2025-01-31,0.0
2025-02-03,0.0
2025-02-04,0.0
2025-02-05,0.16696620084870994
2025-02-06,-0.00509680684116165
2025-02-07,-0.005973731483764011
2025-02-10,0.556173926107941
2025-02-11,-0.27259282465146295
2025-02-12,0.0012189546548310535
2025-02-13,0.011147874186018775
2025-02-14,-0.008007420320711778
2025-02-17,-0.11046403964621376
2025-02-18,0.7837240710795399
2025-02-19,-0.0038110737117626283
2025-02-20,-0.02932352816942696
2025-02-21,0.000395185512980345
2025-02-24,-0.13150361367759172
2025-02-25,0.011950244693324397
2025-02-26,0.0016393210988694396
2025-02-27,0.0002673286810180864
2025-02-28,-0.01376082725553146
2025-03-03,0.07084674153671167
2025-03-04,0.007359966692006004
2025-03-05,0.007816854746536928
2025-03-06,0.006815617154522724
2025-03-07,-0.00735579277104953
2025-03-10,-0.081979462906144
2025-03-11,-0.0054998202192567125
2025-03-12,-0.005216685019591549
2025-03-13,-0.0218500152495944
2025-03-14,0.012745100416551969
2025-03-17,0.009808851078929592
2025-03-18,0.012520836202174035
2025-03-19,-0.006802596602380806
2025-03-20,-0.006172654677111866
2025-03-21,0.001394148717719812
2025-03-24,-0.30875396551937195
2025-03-25,-0.006048866456825452
2025-03-26,0.0011123785891821725
2025-03-27,0.003016262795647262
2025-03-28,-0.0021024522716805993
2025-03-31,0.20203327724709053
2025-04-01,0.00862200522822526
2025-04-02,0.01175051680018957
2025-04-03,0.007369166839328367
2025-04-04,0.0
2025-04-07,0.017392677805082246
2025-04-08,-0.012601227977386609
2025-04-09,-0.314601214612599
2025-04-10,3.8943823857087962
2025-04-11,0.0006200547890312285
2025-04-14,0.0004958840867022771
2025-04-15,-0.0007085172649162012
2025-04-16,-0.10198073434245365
2025-04-17,-0.01990091095088971
2025-04-18,0.011433832768129223
2025-04-21,0.0052179500918171
2025-04-22,0.010739575356268571
2025-04-23,0.00440515902662945
2025-04-24,-0.0054258943327082365
2025-04-25,-0.012140402413984952
2025-04-28,0.2975517598595243
2025-04-29,0.008508102494101166
2025-04-30,-0.003601799079252695
2025-05-01,0.0
2025-05-02,0.0
2025-05-05,0.0
2025-05-06,-0.1392660048908497
2025-05-07,0.0017087135061731136
2025-05-08,0.009624268803840522
2025-05-09,-0.01498422576719775
2025-05-12,-0.04916966112139842
2025-05-13,-0.006260753575490903
2025-05-14,-0.014400563699239624
2025-05-15,-0.005268206969580932
2025-05-16,-0.16477490796475758
2025-05-19,0.3348967761620064
2025-05-20,0.005216730556917737
2025-05-21,-0.0028935663839013692
2025-05-22,-0.000582364862016534
2025-05-23,-0.009396423461744519
2025-05-26,-0.050695583556341774
2025-05-27,0.24197202684023236
2025-05-28,0.0105307669259872
2025-05-29,-0.0028669385548129775
2025-05-30,-0.13173856903235148
2025-06-02,0.0
2025-06-03,0.0019400365292685517
2025-06-04,-0.17324322795440925
2025-06-05,0.34453015563949885
2025-06-06,-0.000328233203408949
2025-06-09,-0.07281301993530016
2025-06-10,0.0044472290414472315
2025-06-11,-0.0024117741016255563
2025-06-12,0.0006281754360720759
2025-06-13,0.28168331920353357
2025-06-16,-0.15282890268938445
2025-06-17,-0.0001952943289594462
2025-06-18,-0.003537902288700804
2025-06-19,-0.007081574807101254
2025-06-20,-0.14869495273052766
2025-06-23,0.967972041556332
2025-06-24,-0.0019897245618963524
2025-06-25,-0.13652068121523242
2025-06-26,0.004093768520389118
2025-06-27,0.008382188303981445
2025-06-30,-0.10056294102000207
2025-07-01,0.1992137545308433
2025-07-02,-0.0022012977786880126
2025-07-03,-0.005936735487407955
2025-07-04,-0.010207479872867891
2025-07-07,-0.28060768319507906
2025-07-08,-0.0064044219700560845
2025-07-09,0.18988752871436618
2025-07-10,-0.003533338778582455
2025-07-11,0.005534899802141095
2025-07-14,0.1134887666593027
2025-07-15,-0.007032909527476409
2025-07-16,-0.2796572180301037
2025-07-17,1.9029965394174782
2025-07-18,-0.00040876033156389546
2025-07-21,-0.02215423018235807
2025-07-22,0.02152958038710906
2025-07-23,-0.0225915932404069
2025-07-24,-0.0029546743904685924
2025-07-25,0.004479850886627723
2025-07-28,-0.19469684434524034
2025-07-29,-0.006657911700118721
2025-07-30,-0.005174589599328409
2025-07-31,0.0028015371825957924
2025-08-01,0.005316898142541364
2025-08-04,0.380477080026045
2025-08-05,-0.10882091281575974
2025-08-06,0.012306225880554189
2025-08-07,-0.003933769471214746
2025-08-08,0.012852803468229737
2025-08-11,0.23377555502131817
2025-08-12,-0.011433230076045391
2025-08-13,0.0003595812663753275
2025-08-14,-0.01956256297603709
2025-08-15,0.00239230852098952
2025-08-18,-0.030037983195409845
2025-08-19,0.01690891715677567
2025-08-20,-0.010755227501696182
2025-08-21,-0.005024174196595177
2025-08-22,-0.005632716923522038
2025-08-25,-0.07330485408331724
2025-08-26,0.008341308605518516
2025-08-27,0.010935739389816585
2025-08-28,-0.005361903343949481
2025-08-29,-0.01263672761199382
2025-09-01,-0.021425819279424697
2025-09-02,-0.013393135839736819
2025-09-03,-0.00545170778939604
2025-09-04,0.013154172480690026
2025-09-05,0.035565963550948765
2025-09-08,0.09582841162714122
2025-09-09,-0.13012682046594412
2025-09-10,-0.007004605710975127
2025-09-11,0.008935577181642916
2025-09-12,-0.10502416795223816
2025-09-15,0.18913477746059093
2025-09-16,0.006196724560088833
2025-09-17,0.0027592629081814035
2025-09-18,0.00041290538093570993
2025-09-19,-0.007360732868577487
2025-09-22,-0.2061260571257568
2025-09-23,-0.007686957232705294
2025-09-24,-8.315789151732388e-05
2025-09-25,-0.010219295878297324
2025-09-26,-0.00101682843087029
2025-09-29,-0.10929334978133576
2025-09-30,0.0056317941248232115
2025-10-01,0.0
2025-10-02,0.0
2025-10-03,0.0
2025-10-06,0.0
2025-10-07,0.0
2025-10-08,0.0
2025-10-09,0.21495988544727604
2025-10-10,-0.0024594382134909658
2025-10-13,-0.14757413177098766
2025-10-14,-0.012132013458478252
2025-10-15,0.016869696460643846
2025-10-16,-0.022092111865925967
2025-10-17,0.019232310434634914
2025-10-20,-0.014567535442520096
2025-10-21,0.49243190481264343
2025-10-22,0.002642648275512749
2025-10-23,-0.1713095426856781
2025-10-24,0.005579215775555795
2025-10-27,0.031077976243086912
2025-10-28,-0.006198903511540585
2025-10-29,-0.001308383027146939
2025-10-30,-0.2616018498481096
2025-10-31,0.6782818083492202
2025-11-03,0.002999646993389356
2025-11-04,-0.0007879768748685345
2025-11-05,0.0006687560184884069
2025-11-06,-0.014829764424128311
2025-11-07,-0.004287710741017081
2025-11-10,-0.04228520020627432
2025-11-11,0.017344393445563898
2025-11-12,0.16503229546627843
2025-11-13,-0.002348252164975584
2025-11-14,0.012526216328440013
2025-11-17,0.3384549205927773
2025-11-18,0.0022794584395295176
2025-11-19,-0.011148347053120216
2025-11-20,-0.1133964360963607
2025-11-21,0.0007760678426832479
2025-11-24,0.12248593890783177
2025-11-25,-0.0750839457442094
2025-11-26,-0.008957766190434277
2025-11-27,0.0013766752981959618
2025-11-28,0.006247661864868878
2025-12-01,-0.22359168941982066
2025-12-02,0.0017018324091886048
2025-12-03,-0.12329424431852928
2025-12-04,0.12569477319104908
2025-12-05,0.0037492725069248802
2025-12-08,0.30563879317161824
2025-12-09,0.0017581187284968491
2025-12-10,-0.0013599580443240944
2025-12-11,0.0013417221578189515
2025-12-12,0.0002656805983208459
2025-12-15,-0.04144203599149887
2025-12-16,0.19170058251379482
2025-12-17,-0.0050529603241554755
2025-12-18,0.0034256079607523082
2025-12-19,-0.11629037057826412
2025-12-22,0.310444269020067
2025-12-23,0.0018587820166081257
2025-12-24,0.0013352816275873742
2025-12-25,-0.2906729798781477
2025-12-26,2.052281435940439
2025-12-29,-0.03309540209578624
2025-12-30,0.31774769404682557
2025-12-31,0.007522787823296148
2026-01-01,0.0
2026-01-02,0.0
2026-01-05,-0.14756628709396413
2026-01-06,-0.01152003559178394
2026-01-07,0.0017628847597390325
2026-01-08,-0.1357272237075038
2026-01-09,0.5598577982138807
2026-01-12,-0.009292387501443011
2026-01-13,-0.0019762823389954196
2026-01-14,0.0013744356334247274
2026-01-15,0.005909541250773401
2026-01-16,0.023847365990217084
2026-01-19,-0.1261770359801507
2026-01-20,-0.16292451975961894
2026-01-21,0.71954160590095
2026-01-22,0.0031059113778570215
2026-01-23,-0.10215634753361402
2026-01-26,0.023426337045635237
2026-01-27,-0.0023222336617915915
2026-01-28,0.0018573481540510306
2026-01-29,-0.013335483167620232
2026-01-30,-0.06759235680691478
2026-02-02,0.05192429759646133
2026-02-03,-0.0073877321318551
2026-02-04,-0.0019277343381506702
2026-02-05,0.003895358366881522
2026-02-06,0.015504413680295684
2026-02-09,-0.05366863803483061
2026-02-10,0.022954826270816502
2026-02-11,0.008719540113779584
2026-02-12,-0.0066545717439455325
2026-02-13,0.00879977101755077
2026-02-16,0.0
2026-02-17,0.0
2026-02-18,0.0
2026-02-19,0.0
2026-02-20,0.0
2026-02-23,0.0
2026-02-24,0.25792181802827746
2026-02-25,-0.009482458034635618
2026-02-26,0.010995471468069637
2026-02-27,0.012745783103327302
2026-03-02,-0.18311183169011017
2026-03-03,-0.021815922604001635
2026-03-04,0.00826128973508363
2026-03-05,0.0028431145566178984
2026-03-06,0.0006584165948313458
2026-03-09,0.0028347723840702983
2026-03-10,0.008474375352303849
2026-03-11,-0.014875973072972837
2026-03-12,-0.006947022412130263
2026-03-13,-0.003796749289331232
2026-03-16,0.3387592170449039
2026-03-17,-0.012582517908634183
2026-03-18,0.018694979034471187
2026-03-19,0.003977290888441046
2026-03-20,-0.011789605796010405
2026-03-23,-0.008918510538510636
2026-03-24,0.008892428779671151
2026-03-25,0.013954922469346338
2026-03-26,0.003685715932252384
2026-03-27,-0.006138083733295015
2026-03-30,-0.16773909731649028
2026-03-31,-0.014242947442233717
2026-04-01,0.01140862531040887
2026-04-02,-0.0036485098984366804
2026-04-03,0.006201269885813229
2026-04-06,0.0
2026-04-07,0.007464968755801345
2026-04-08,0.02403077486723245
2026-04-09,0.004103186568590803
2026-04-10,-0.004558560745772322
2026-04-13,0.005299455760437999
2026-04-14,0.013130359021745752
2026-04-15,0.007577292476722786
2026-04-16,0.003095719192445964
2026-04-17,0.018753336553207434
2026-04-20,-0.004292969358696867
2026-04-21,-0.001909800119575052
2026-04-22,-0.0021433905541265634
2026-04-23,-0.022312261872785306
2026-04-24,-0.0036319483277864233
2026-04-27,0.009860012764261553
2026-04-28,-0.011555865427921197
2026-04-29,1.868092117818243e-05
2026-04-30,0.011483366174018869
