decision_date,n_strategies,n_significant,mean_t_stat
2016-03-04,5,2,2.6125641452713046
2016-03-07,5,1,2.3325979431956876
2016-03-08,5,1,2.0684914520541327
2016-03-09,5,1,1.9573632363756175
2016-03-10,5,1,1.8573665590960045
2016-03-11,5,1,1.8096910763155225
2016-03-14,5,2,1.791360827470644
2016-03-15,5,2,1.5542011820500714
2016-03-16,5,2,1.559365850907787
2016-03-17,5,2,1.354425918404338
2016-03-18,5,2,1.2508547209103227
2016-03-21,5,2,1.0092816267600055
2016-03-22,5,2,0.732201233285527
2016-03-23,5,2,0.635879422724665
2016-03-24,5,2,0.5908830050263362
2016-03-25,5,2,0.32950637705851243
2016-03-28,5,2,0.06737002682646398
2016-03-29,5,2,0.04517326839936365
2016-03-30,5,2,-0.06360457615637691
2016-03-31,5,2,-0.05003857095148216
2016-04-01,5,1,-0.03965972020745716
2016-04-04,5,1,-0.00336516109216759
2016-04-05,5,1,0.11154285902798
2016-04-06,5,1,0.06586706793450145
2016-04-07,5,1,0.22260720572568404
2016-04-08,5,1,0.21355448550695427
2016-04-11,5,0,0.345148464872843
2016-04-12,5,0,0.26703921996945457
2016-04-13,5,0,0.3427018813041755
2016-04-14,5,0,0.36138793986003254
2016-04-15,5,0,0.39595184602797856
2016-04-18,5,0,0.2893895173537861
2016-04-19,5,0,0.33636172826865174
2016-04-20,5,0,0.13330257100113765
2016-04-21,5,0,0.15352562325488245
2016-04-22,5,0,0.09331625594140318
2016-04-25,5,2,0.18212632841280502
2016-04-26,5,2,0.0026344663333803366
2016-04-27,5,3,0.20371889674326
2016-04-28,5,2,0.03576739431286633
2016-04-29,5,2,0.1793298799285333
2016-05-02,5,3,0.3342879512106789
2016-05-03,5,3,0.5662041180017822
2016-05-04,5,3,0.8999445366616599
2016-05-05,5,3,1.0895821708762057
2016-05-06,5,2,0.980586299407116
2016-05-09,5,2,0.9800907445284974
2016-05-10,5,2,0.884589090704992
2016-05-11,5,2,0.9510179931418474
2016-05-12,5,3,0.9362375911864763
2016-05-13,5,2,0.8002477433352191
2016-05-16,5,2,0.6712279304979516
2016-05-17,5,2,0.48276272093858796
2016-05-18,5,2,0.5502198103667766
2016-05-19,5,0,0.6332180918787521
2016-05-20,5,0,0.5713698389735422
2016-05-23,5,0,0.678245433346779
2016-05-24,5,0,0.6152351684440418
2016-05-25,5,0,0.6435856500409901
2016-05-26,5,2,0.6754463386209381
2016-05-27,5,2,0.7571738727127297
2016-05-30,5,2,0.9005208197027817
2016-05-31,5,2,0.9698272150735251
2016-06-01,5,2,0.8068496402257648
2016-06-02,5,2,0.7243773303543067
2016-06-03,5,2,0.7859454176882584
2016-06-06,5,2,0.708023873247097
2016-06-07,5,2,0.6887911981094096
2016-06-08,5,1,0.6992411757723476
2016-06-09,5,0,0.6448345212013606
2016-06-10,5,0,0.536987761540759
2016-06-13,5,0,0.5673231036920624
2016-06-14,5,0,0.5509208083768385
2016-06-15,5,0,0.4800388961732467
2016-06-16,5,1,0.5510209931783014
2016-06-17,5,1,0.6580457350051884
2016-06-20,5,2,0.9157806769612936
2016-06-21,5,2,1.1794299443604401
2016-06-22,5,2,1.4162099176831118
2016-06-23,5,2,1.4638639592352334
2016-06-24,5,2,1.804914337379183
2016-06-27,5,2,1.8117058038308684
2016-06-28,5,2,1.9727597930347922
2016-06-29,5,2,2.0971856701059837
2016-06-30,5,2,2.387267626974319
2016-07-01,5,2,2.0635298613508226
2016-07-04,5,2,1.8277763677210257
2016-07-05,5,2,1.8277763677210257
2016-07-06,5,2,1.5688093586164444
2016-07-07,5,2,1.2047061193090374
2016-07-08,5,2,1.0479990617326642
2016-07-11,5,2,0.9004623303331976
2016-07-12,5,2,0.7327134756705187
2016-07-13,5,2,0.4253887463775515
2016-07-14,5,2,0.3481558232229901
2016-07-15,5,2,0.25088209368515496
2016-07-18,5,2,0.49002002176599807
2016-07-19,5,2,0.2675945674635937
2016-07-20,5,2,0.39732938694056386
2016-07-21,5,2,0.39732938694056374
2016-07-22,5,2,0.48404714582601327
2016-07-25,5,2,0.6510783280845105
2016-07-26,5,2,0.5231165582116384
2016-07-27,5,2,0.5231165582116383
2016-07-28,5,2,0.5314929796035373
2016-07-29,5,2,0.396814872121506
2016-08-01,5,2,0.6464701809507808
2016-08-02,5,2,0.6464701809507808
2016-08-03,5,2,0.8009099645690239
2016-08-04,5,2,0.7757992024986529
2016-08-05,5,2,1.0718737652668406
2016-08-08,5,2,1.071873765266841
2016-08-09,5,2,1.1737131570318247
2016-08-10,5,2,1.2994632684974134
2016-08-11,5,2,1.4548004847250815
2016-08-12,5,2,1.4548004847250817
2016-08-15,5,2,1.5398674795039593
2016-08-16,5,2,1.5934805500618414
2016-08-17,5,3,1.8428261942947248
2016-08-18,5,3,1.8428261942947253
2016-08-19,5,4,2.236330186794814
2016-08-22,5,4,2.437946533515504
2016-08-23,5,4,2.6423609072787233
2016-08-24,5,4,2.642360907278723
2016-08-25,5,4,2.891693635767926
2016-08-26,5,4,3.06309169619579
2016-08-29,5,4,3.1219312371110823
2016-08-30,5,4,3.1219312371110837
2016-08-31,5,4,3.2572658308166043
2016-09-01,5,4,3.433095078809218
2016-09-02,5,4,3.2298630923498495
2016-09-05,5,4,3.2298630923498495
2016-09-06,5,4,3.430044228343089
2016-09-07,5,4,3.4448782419984374
2016-09-08,5,4,3.4575893706799476
2016-09-09,5,4,3.4575893706799468
2016-09-12,5,4,3.6867167084709336
2016-09-13,5,4,3.634000603736335
2016-09-14,5,4,3.825360907523417
2016-09-15,5,4,3.825360907523417
2016-09-16,5,4,4.228462571429047
2016-09-19,5,4,4.519188110158255
2016-09-20,5,4,4.561296999195885
2016-09-21,5,4,4.561296999195884
2016-09-22,5,4,4.715643793566274
2016-09-23,5,4,4.696796530715725
2016-09-26,5,4,4.549989489469228
2016-09-27,5,4,4.549989489469228
2016-09-28,5,4,4.546750160857842
2016-09-29,5,4,4.418420080517283
2016-09-30,5,4,4.212381257035006
2016-10-03,5,4,4.212381257035006
2016-10-04,5,4,4.103469226009543
2016-10-05,5,3,3.611810545707253
2016-10-06,5,3,3.343543955341258
2016-10-07,5,3,3.343543955341258
2016-10-10,5,3,2.9050406089718788
2016-10-11,5,3,2.679999379731047
2016-10-12,5,2,2.288690487826561
2016-10-13,5,2,2.2886904878265613
2016-10-14,5,2,2.2165585544316233
2016-10-17,5,2,1.8869714781509028
2016-10-18,5,2,1.5877557851353081
2016-10-19,5,2,1.587755785135308
2016-10-20,5,1,1.3303787827344744
2016-10-21,5,1,0.9786053490495789
2016-10-24,5,1,0.8030669162983923
2016-10-25,5,1,0.8030669162983923
2016-10-26,5,1,0.744770632557646
2016-10-27,5,1,0.5995408082361784
2016-10-28,5,1,0.256189784955238
2016-10-31,5,1,0.25618978495523775
2016-11-01,5,1,0.1591746830333828
2016-11-02,5,1,-0.06799758653616941
2016-11-03,5,1,-0.003898355850799695
2016-11-04,5,1,-0.003898355850799695
2016-11-07,5,1,-0.12471114137064188
2016-11-08,5,1,-0.2011337858126193
2016-11-09,5,1,-0.051688360522414246
2016-11-10,5,1,-0.05168836052241447
2016-11-11,5,1,-0.0025774104516850583
2016-11-14,5,1,-0.11289258196824248
2016-11-15,5,1,-0.11436901646438646
2016-11-16,5,1,-0.1143690164643865
2016-11-17,5,1,-0.18038932565370852
2016-11-18,6,2,1.5491686965744673
2016-11-21,6,2,0.5823157672034652
2016-11-22,6,2,0.5823157672034655
2016-11-23,6,2,0.11664882144985873
2016-11-24,6,1,-0.5432133627969836
2016-11-25,6,1,-0.5057853497386474
2016-11-28,6,1,-0.5057853497386474
2016-11-29,6,1,-0.33043322669740477
2016-11-30,6,1,-0.19250747514032976
2016-12-01,6,1,-0.06334800854694485
2016-12-02,6,1,-0.06334800854694476
2016-12-05,6,1,0.07878340464212043
2016-12-06,6,1,-0.017517455215269095
2016-12-07,6,1,0.12244988980195826
2016-12-08,6,1,0.1224498898019582
2016-12-09,6,1,0.07904923164957467
2016-12-12,6,1,0.276569817514119
2016-12-13,6,2,0.4212165274783087
2016-12-14,6,2,0.4212165274783086
2016-12-15,6,2,0.6507627401855702
2016-12-16,6,2,0.44044033268971017
2016-12-19,6,3,0.5645628393248816
2016-12-20,6,3,0.5645628393248815
2016-12-21,6,2,0.6219937480261463
2016-12-22,6,4,1.0303052030948685
2016-12-23,6,4,1.0864560966266357
2016-12-26,6,4,1.0864560966266357
2016-12-27,6,3,1.1028825355713818
2016-12-28,6,3,1.0682743188100121
2016-12-29,6,3,1.0123862345745083
2016-12-30,6,3,1.012386234574508
2017-01-02,6,3,1.0227291062804034
2017-01-03,6,3,0.8781918134078573
2017-01-04,6,3,0.8034116246820863
2017-01-05,6,3,0.8034116246820862
2017-01-06,6,3,0.7960784412082879
2017-01-09,6,3,0.7474176257281782
2017-01-10,6,2,0.869272951526986
2017-01-11,6,2,0.8692729515269861
2017-01-12,6,2,0.9238031785913156
2017-01-13,6,2,0.7830731915067384
2017-01-16,6,2,0.6622512505287811
2017-01-17,6,2,0.6622512505287805
2017-01-18,6,3,0.4893916376421887
2017-01-19,6,2,0.4682227516852689
2017-01-20,6,2,0.3648329434276256
2017-01-23,6,2,0.36483294342762557
2017-01-24,6,2,0.27322127335103585
2017-01-25,6,2,0.22323297816028473
2017-01-26,6,1,0.033327567128170456
2017-01-27,6,1,0.03332756712817101
2017-01-30,6,1,-0.0732460681236967
2017-01-31,6,1,-0.21869136514010423
2017-02-01,6,1,-0.2939145913085624
2017-02-02,6,1,-0.2939145913085626
2017-02-03,6,1,-0.45093835355713363
2017-02-06,6,1,-0.5819279130089318
2017-02-07,6,1,-0.5480527416070621
2017-02-08,6,1,-0.5480527416070622
2017-02-09,6,1,-0.453805269176535
2017-02-10,6,1,-0.508379120589902
2017-02-13,6,1,-0.6173767075617173
2017-02-14,6,1,-0.6173767075617173
2017-02-15,6,2,-0.5203837588928066
2017-02-16,6,2,-0.5424077523203337
2017-02-17,6,2,-0.4991292966475
2017-02-20,6,2,-0.4991292966475001
2017-02-21,6,2,-0.6703715655660343
2017-02-22,6,2,-0.7159882865404587
2017-02-23,6,2,-1.0230776126631638
2017-02-24,6,2,-1.0230776126631635
2017-02-27,6,2,-1.2773154376790379
2017-02-28,6,2,-1.8247420314137772
2017-03-01,6,2,-2.1525075194736973
2017-03-02,6,2,-2.1525075194736973
2017-03-03,6,2,-2.2280127502520575
2017-03-06,6,2,-2.01767922238651
2017-03-07,6,2,-1.404267463622696
2017-03-08,6,2,-1.4042674636226955
2017-03-09,6,2,-1.3024954028068976
2017-03-10,6,2,-1.1362127082209303
2017-03-13,6,2,-1.2574458283280008
2017-03-14,6,2,-1.257445828328001
2017-03-15,6,2,-1.1850290075288028
2017-03-16,6,2,-1.5045048407735626
2017-03-17,6,2,-1.4422130156121922
2017-03-20,6,2,-1.4422130156121922
2017-03-21,6,2,-1.726447560482691
2017-03-22,6,2,-1.6953617601661755
2017-03-23,6,2,-2.428553202176752
2017-03-24,6,2,-2.428553202176752
2017-03-27,6,2,-2.9192744476117714
2017-03-28,6,1,-3.034944058815339
2017-03-29,6,1,-3.263617816773612
2017-03-30,6,1,-3.2636178167736105
2017-03-31,6,1,-3.323000079110957
2017-04-03,6,1,-3.6001292766749704
2017-04-04,6,1,-3.8357516931627007
2017-04-05,6,1,-3.8357516931627003
2017-04-06,6,1,-3.8359315733362394
2017-04-07,6,1,-3.824342555891271
2017-04-10,6,1,-3.6596988200394667
2017-04-11,6,1,-3.6596988200394676
2017-04-12,6,1,-3.1317341883725214
2017-04-13,6,1,-2.841766883549365
2017-04-14,6,1,-2.287792211766658
2017-04-17,6,1,-2.2877922117666576
2017-04-18,6,1,-1.6028424301125905
2017-04-19,6,1,-0.9637656077374316
2017-04-20,6,1,-0.8753299806549233
2017-04-21,6,1,-0.8753299806549236
2017-04-24,6,1,-0.7146832263024647
2017-04-25,6,1,-0.717665400076961
2017-04-26,6,1,-0.7527676315073317
2017-04-27,6,1,-0.7527676315073317
2017-04-28,6,1,-1.3568934581059937
2017-05-01,6,1,-2.0434606947837235
2017-05-02,6,1,-2.343871743264547
2017-05-03,6,1,-2.3438717432645464
2017-05-04,6,1,-2.477504438536283
2017-05-05,6,1,-2.5972360306991056
2017-05-08,6,1,-2.9319382571119728
2017-05-09,6,1,-2.9319382571119728
2017-05-10,6,1,-3.128637943630247
2017-05-11,6,1,-2.762546827695773
2017-05-12,6,1,-2.6420287469518575
2017-05-15,6,1,-2.642028746951857
2017-05-16,6,1,-2.5509949447413556
2017-05-17,6,1,-2.537054132182429
2017-05-18,6,1,-2.47347719473487
2017-05-19,6,1,-2.4734771947348704
2017-05-22,6,1,-2.5518272179789885
2017-05-23,6,1,-2.543732024042543
2017-05-24,6,1,-2.2645729004444526
2017-05-25,6,1,-2.264572900444452
2017-05-26,6,1,-2.1030983434267334
2017-05-29,6,1,-2.0461338003148
2017-05-30,6,1,-1.9647946391044073
2017-05-31,6,1,-1.9647946391044073
2017-06-01,6,1,-1.845160200993418
2017-06-02,6,1,-1.9492687474238828
2017-06-05,6,1,-1.8474485178351558
2017-06-06,6,1,-1.8474485178351554
2017-06-07,6,1,-1.8646103894341868
2017-06-08,6,1,-1.6389361991858815
2017-06-09,6,2,-1.6551930433232176
2017-06-12,6,2,-1.6551930433232185
2017-06-13,6,2,-1.356285964771527
2017-06-14,6,2,-1.3189341490741084
2017-06-15,6,2,-1.0658200842022187
2017-06-16,6,2,-1.0658200842022192
2017-06-19,6,2,-0.9012218828402515
2017-06-20,6,2,-0.46548876005850365
2017-06-21,6,2,-0.45040665413361375
2017-06-22,6,2,-0.45040665413361386
2017-06-23,6,2,-0.3452946525273739
2017-06-26,6,2,-0.24798996848802965
2017-06-27,6,2,-0.12147068858170558
2017-06-28,6,2,-0.12147068858170558
2017-06-29,6,2,-0.20386768452219758
2017-06-30,6,2,-0.27692142583918056
2017-07-03,6,1,-0.3918370397944198
2017-07-04,6,1,-0.3918370397944198
2017-07-05,6,1,-0.503117408545429
2017-07-06,6,1,-0.6911354413467404
2017-07-07,6,1,-0.849108079620228
2017-07-10,6,1,-0.8491080796202283
2017-07-11,6,1,-0.9965699160501126
2017-07-12,6,1,-1.1801673145212483
2017-07-13,6,1,-1.354512083471554
2017-07-14,6,1,-1.3545120834715545
2017-07-17,6,1,-1.5667929664511655
2017-07-18,6,1,-1.5125495391131103
2017-07-19,6,1,-1.7103350166514077
2017-07-20,6,1,-1.7103350166514073
2017-07-21,6,1,-1.664020054924287
2017-07-24,6,1,-1.7335418841890764
2017-07-25,6,1,-1.7662602938668919
2017-07-26,6,1,-1.7662602938668923
2017-07-27,6,1,-2.070667004938703
2017-07-28,6,1,-2.147030475144561
2017-07-31,6,0,-2.3202551512889005
2017-08-01,6,0,-2.320255151288901
2017-08-02,6,0,-2.5518106263725984
2017-08-03,6,0,-2.6893137609917557
2017-08-04,6,0,-2.78499634520514
2017-08-07,6,0,-2.78499634520514
2017-08-08,6,0,-2.8074386557621014
2017-08-09,6,0,-2.734660770465949
2017-08-10,6,0,-2.7704235875457885
2017-08-11,6,0,-2.770423587545789
2017-08-14,6,0,-2.4133056659090917
2017-08-15,6,0,-2.216622058810523
2017-08-16,6,0,-2.1047310178581298
2017-08-17,6,0,-2.1047310178581298
2017-08-18,6,0,-2.009709643706547
2017-08-21,6,0,-1.987042097530643
2017-08-22,6,0,-2.0607246408427176
2017-08-23,6,0,-2.060724640842717
2017-08-24,6,0,-1.9608441296808952
2017-08-25,6,0,-1.9584923345302767
2017-08-28,6,0,-1.898206345171107
2017-08-29,6,0,-1.8982063451711069
2017-08-30,6,0,-1.7207759628341721
2017-08-31,6,0,-1.7681979243915968
2017-09-01,6,0,-1.76508663790698
2017-09-04,6,0,-1.76508663790698
2017-09-05,6,0,-1.7193045991729619
2017-09-06,6,0,-1.7762787054288396
2017-09-07,6,0,-1.8947503623683577
2017-09-08,6,0,-1.894750362368358
2017-09-11,6,1,-2.0003889617181856
2017-09-12,6,1,-2.111460204632469
2017-09-13,6,1,-2.2235662925203754
2017-09-14,6,1,-2.2235662925203754
2017-09-15,6,1,-2.2192335278981044
2017-09-18,6,1,-2.364350794187407
2017-09-19,6,1,-2.4435090662205576
2017-09-20,6,1,-2.4435090662205576
2017-09-21,6,1,-3.2006434370432992
2017-09-22,6,1,-3.2006434370432992
2017-09-25,6,1,-3.91373797729673
2017-09-26,6,1,-3.9137379772967296
2017-09-27,6,1,-3.649380652896479
2017-09-28,6,1,-3.708112680156867
2017-09-29,6,1,-3.7116599520471865
2017-10-02,6,1,-3.7116599520471856
2017-10-03,6,1,-3.7407686082678246
2017-10-04,6,1,-3.3173010177863484
2017-10-05,6,1,-3.131513502574517
2017-10-06,6,1,-3.1315135025745167
2017-10-09,6,1,-3.2319444336026653
2017-10-10,6,1,-3.3118458782326745
2017-10-11,6,2,-3.23246561570349
2017-10-12,6,2,-3.232465615703491
2017-10-13,6,2,-3.2653431842693528
2017-10-16,6,2,-3.1934432098975782
2017-10-17,6,1,-3.278111775238026
2017-10-18,6,1,-3.278111775238026
2017-10-19,6,0,-3.3554566751153683
2017-10-20,6,0,-3.4453549349238872
2017-10-23,6,0,-3.5304248693880833
2017-10-24,6,0,-3.530424869388083
2017-10-25,6,0,-3.519231401654873
2017-10-26,6,0,-3.5887955850606263
2017-10-27,6,0,-3.848082944655862
2017-10-30,6,0,-3.848082944655862
2017-10-31,6,1,-4.267858629577708
2017-11-01,6,1,-4.323607667199394
2017-11-02,6,1,-4.597999627417126
2017-11-03,6,1,-4.597999627417126
2017-11-06,6,1,-4.564559174978821
2017-11-07,6,1,-4.445642088449828
2017-11-08,6,1,-4.541772025079416
2017-11-09,6,1,-4.541772025079415
2017-11-10,6,1,-3.931320314822918
2017-11-13,6,1,-3.9979096767336575
2017-11-14,6,1,-4.206856282424015
2017-11-15,6,1,-4.206856282424015
2017-11-16,6,1,-4.5677362185539945
2017-11-17,6,1,-4.715215296931977
2017-11-20,6,1,-4.833018915454734
2017-11-21,6,1,-4.833018915454734
2017-11-22,6,1,-4.775203445187892
2017-11-23,6,1,-5.0411145223520695
2017-11-24,6,1,-5.155829903552859
2017-11-27,6,1,-5.155829903552859
2017-11-28,6,2,-4.998306626032335
2017-11-29,6,2,-4.998306626032335
2017-11-30,6,1,-4.763491380160342
2017-12-01,6,1,-4.7634913801603425
2017-12-04,6,1,-4.570099948797826
2017-12-05,6,1,-4.544951657067499
2017-12-06,6,2,-4.562707512744695
2017-12-07,6,2,-4.562707512744695
2017-12-08,6,2,-4.747707459005979
2017-12-11,6,2,-5.162654888008729
2017-12-12,6,2,-5.268937555073266
2017-12-13,6,2,-5.268937555073265
2017-12-14,6,3,-5.054546883428668
2017-12-15,6,2,-5.00900763836536
2017-12-18,6,2,-4.996567706203936
2017-12-19,6,2,-4.996567706203936
2017-12-20,6,2,-4.395751967659296
2017-12-21,6,2,-4.395751967659297
2017-12-22,6,2,-4.32783514222644
2017-12-25,6,2,-4.327835142226441
2017-12-26,6,2,-4.432760971534786
2017-12-27,6,2,-4.587496449206481
2017-12-28,6,2,-4.9627177800179
2017-12-29,6,2,-4.962717780017899
2018-01-01,6,2,-5.019053432924484
2018-01-02,6,2,-5.191002791255805
2018-01-03,6,1,-5.319312940801269
2018-01-04,6,1,-5.319312940801269
2018-01-05,6,1,-5.316306601549656
2018-01-08,6,1,-5.207652320529569
2018-01-09,6,1,-4.855270188888467
2018-01-10,6,1,-4.855270188888466
2018-01-11,6,1,-4.866111727751467
2018-01-12,6,1,-4.866111727751468
2018-01-15,6,1,-4.762432140463906
2018-01-16,6,1,-4.762432140463907
2018-01-17,6,1,-4.590526800244779
2018-01-18,6,1,-4.707854564580459
2018-01-19,6,1,-4.7026784031302755
2018-01-22,6,1,-4.702678403130274
2018-01-23,6,1,-4.9722159351038995
2018-01-24,6,1,-5.001351681987975
2018-01-25,6,1,-5.121579434808339
2018-01-26,6,1,-5.121579434808339
2018-01-29,6,1,-5.304806061090557
2018-01-30,6,1,-5.239497584932013
2018-01-31,6,1,-4.973675889129732
2018-02-01,6,1,-4.973675889129732
2018-02-02,6,1,-4.342214353021467
2018-02-05,6,1,-4.342214353021468
2018-02-06,6,1,-4.154361452190104
2018-02-07,6,1,-4.154361452190105
2018-02-08,6,1,-4.4296151919709095
2018-02-09,6,1,-4.383493084922244
2018-02-12,6,1,-4.525531946178512
2018-02-13,6,1,-4.525531946178512
2018-02-14,6,1,-4.45623648907208
2018-02-15,6,1,-4.344091905629459
2018-02-16,6,1,-4.1527112578195355
2018-02-19,6,1,-4.152711257819536
2018-02-20,6,1,-4.001953062344266
2018-02-21,6,1,-4.033135322912854
2018-02-22,6,1,-4.056811966696736
2018-02-23,6,1,-4.056811966696735
2018-02-26,6,1,-4.195784559187168
2018-02-27,6,1,-4.195784559187168
2018-02-28,6,0,-1.5640759789880565
2018-03-01,6,0,-1.078260336565703
2018-03-02,6,0,-1.4584858765807034
2018-03-05,6,0,-1.190862054668921
2018-03-06,6,0,-0.5901738410922563
2018-03-07,6,0,-1.0236393235449088
2018-03-08,6,0,-0.864438381618208
2018-03-09,6,2,-0.8132474963672826
2018-03-12,6,3,-1.1728387100059958
2018-03-13,6,2,-1.4341437960541772
2018-03-14,6,2,-1.3536793898347181
2018-03-15,6,2,-1.2907595357114239
2018-03-16,6,2,-1.092401790880382
2018-03-19,6,2,-1.4387721482371338
2018-03-20,6,2,-1.4062206328676534
2018-03-21,6,2,-1.5042040457810966
2018-03-22,6,2,-1.4422659819189647
2018-03-23,6,2,-1.4811390989585826
2018-03-26,6,2,-1.0726986019699523
2018-03-27,6,2,-0.9645206708697452
2018-03-28,6,2,-1.3164154661741152
2018-03-29,6,2,-1.0209644007548497
2018-03-30,6,2,-0.6344719057575362
2018-04-02,6,2,-0.725627493575531
2018-04-03,6,2,-0.42616227683628854
2018-04-04,6,2,-0.40233244719368616
2018-04-05,6,2,-0.33971581517191307
2018-04-06,6,2,-0.16267269101922302
2018-04-09,6,2,0.182106746553467
2018-04-10,6,2,0.7935023081499418
2018-04-11,6,1,-0.1757322592137868
2018-04-12,6,2,-0.1561715116456738
2018-04-13,6,2,0.11030949284407028
2018-04-16,6,2,-0.17844968544800013
2018-04-17,6,2,-0.32523803890243036
2018-04-18,6,2,-0.220035304538063
2018-04-19,6,2,-0.04488455240534939
2018-04-20,6,2,0.11444033885745131
2018-04-23,6,2,0.6796351935464725
2018-04-24,6,2,0.561037017157341
2018-04-25,6,2,1.496408246125896
2018-04-26,6,2,1.027100464799332
2018-04-27,6,2,1.7046436932596443
2018-04-30,6,3,1.9355815072025038
2018-05-01,6,3,2.164169102002859
2018-05-02,6,3,2.0287525718064767
2018-05-03,6,3,3.5982799330069675
2018-05-04,6,3,3.887750076208096
2018-05-07,6,2,1.6108926509572778
2018-05-08,6,3,1.9446727112473716
2018-05-09,6,2,0.5875046415235942
2018-05-10,6,4,4.339814089172262
2018-05-11,6,4,3.9920726107376843
2018-05-14,6,2,1.4449601303832846
2018-05-15,6,2,1.61198754138434
2018-05-16,6,4,4.0949983576528295
2018-05-17,6,4,3.4291087104199764
2018-05-18,6,4,2.0053427830606805
2018-05-21,6,3,1.656118896214226
2018-05-22,6,2,1.4193578907981186
2018-05-23,6,4,2.2550310939557288
2018-05-24,6,4,2.037012465440816
2018-05-25,6,4,2.1686458174056327
2018-05-28,6,3,1.6999409534892778
2018-05-29,6,2,1.3910812915854354
2018-05-30,6,1,0.0184524147787762
2018-05-31,6,1,-0.6074644832432962
2018-06-01,6,1,0.17243673297582415
2018-06-04,6,1,-0.3721007053893112
2018-06-05,6,1,-0.47346697253817466
2018-06-06,6,1,-0.5866774596471356
2018-06-07,6,1,-0.802524472819476
2018-06-08,6,2,-0.13911790806896943
2018-06-11,6,1,-0.7820970448710024
2018-06-12,6,1,-0.7979294434571793
2018-06-13,6,1,-0.5968626240724842
2018-06-14,6,1,-0.6534999275687574
2018-06-15,6,1,-0.718249982767014
2018-06-18,6,1,-0.7182499827670142
2018-06-19,6,2,0.5212051009842851
2018-06-20,6,2,0.44305928240658615
2018-06-21,6,2,0.7377412218700652
2018-06-22,6,2,0.6078269520482266
2018-06-25,6,2,0.9795881388190445
2018-06-26,6,1,0.1386794448181412
2018-06-27,6,1,-0.1112129692470935
2018-06-28,6,1,0.2651902560418759
2018-06-29,6,1,-0.14639277849754287
2018-07-02,6,1,0.014016172295289842
2018-07-03,6,1,-0.2515357176025012
2018-07-04,6,1,-0.16896187425417594
2018-07-05,6,1,-0.025744740712507024
2018-07-06,6,1,0.2629338015186488
2018-07-09,6,1,-0.041187182203598294
2018-07-10,6,1,0.11621710216429415
2018-07-11,6,1,-0.1566562161790491
2018-07-12,6,2,0.3933217057004034
2018-07-13,6,2,0.7484616680136572
2018-07-16,6,3,1.0185417543820268
2018-07-17,6,1,0.6466926431332936
2018-07-18,6,2,0.912808401557437
2018-07-19,6,3,0.9745025931907644
2018-07-20,6,3,2.1603838534238715
2018-07-23,6,3,2.549975193323993
2018-07-24,6,3,2.1927544771581746
2018-07-25,6,3,2.060510563875266
2018-07-26,6,3,2.072319199059845
2018-07-27,6,3,2.271301875334803
2018-07-30,6,3,2.1767474551127224
2018-07-31,6,3,1.9370226688890346
2018-08-01,6,3,1.8689153406025145
2018-08-02,6,3,1.813579872851759
2018-08-03,6,3,1.8673473068191193
2018-08-06,6,3,1.6815128417566714
2018-08-07,6,3,1.3341222508363622
2018-08-08,6,2,2.0222323965657067
2018-08-09,6,2,1.7841752198780931
2018-08-10,6,2,2.6460594318092743
2018-08-13,6,2,2.620887673783861
2018-08-14,6,2,2.2484685622391734
2018-08-15,6,2,2.173694406958124
2018-08-16,6,2,2.322764213238182
2018-08-17,6,2,2.5237911267935655
2018-08-20,6,2,2.274004996117444
2018-08-21,6,2,2.4776583352279324
2018-08-22,6,2,2.588409198556575
2018-08-23,6,2,2.489364288719844
2018-08-24,6,2,2.4414141175058997
2018-08-27,6,2,2.659930256041207
2018-08-28,6,2,2.580882662896608
2018-08-29,6,2,2.600833338386431
2018-08-30,6,2,2.3521856302047466
2018-08-31,6,2,2.3762777503546557
2018-09-03,6,2,2.0884069973057273
2018-09-04,6,3,2.111832848532115
2018-09-05,6,3,2.4898619046766743
2018-09-06,6,2,1.4088212312787396
2018-09-07,6,3,1.6247019533143174
2018-09-10,6,3,1.7200900395479042
2018-09-11,6,3,1.2311437769390283
2018-09-12,6,3,2.0242178524334715
2018-09-13,6,3,1.8354225765050625
2018-09-14,6,3,1.7856200180074537
2018-09-17,6,3,1.634294367042818
2018-09-18,6,3,2.0590386609062423
2018-09-19,6,3,2.264396287218435
2018-09-20,6,2,2.374839271745563
2018-09-21,6,2,2.447047198156215
2018-09-24,6,2,2.4470002171010274
2018-09-25,6,2,2.4659753411283436
2018-09-26,6,3,2.6476249543413415
2018-09-27,6,3,2.8424382648376576
2018-09-28,6,3,2.4324355780295925
2018-10-01,6,3,2.166341607762496
2018-10-02,6,3,1.7911403479300125
2018-10-03,6,3,1.9592701344940266
2018-10-04,6,3,2.0293799085525737
2018-10-05,6,3,1.6541133265720918
2018-10-08,6,1,1.248282039824019
2018-10-09,6,2,0.7013327334421627
2018-10-10,6,1,0.04230307256363849
2018-10-11,6,1,-0.1800993664470292
2018-10-12,6,1,-0.7242746543295211
2018-10-15,6,1,-0.6143680355468913
2018-10-16,6,1,-0.781180029035279
2018-10-17,6,1,-0.4623089892421722
2018-10-18,6,1,-0.7633841626726187
2018-10-19,6,2,-0.034658564090257186
2018-10-22,6,1,-0.6710118597212787
2018-10-23,6,2,-0.42746881415594035
2018-10-24,6,2,-0.1947272220335675
2018-10-25,6,1,0.42626985587836597
2018-10-26,6,2,-0.4248155771033157
2018-10-29,6,2,-0.11347948209695956
2018-10-30,6,2,-0.3675459520571445
2018-10-31,6,2,0.7439448290144695
2018-11-01,6,2,1.0182053146504328
2018-11-02,6,3,1.370467543072464
2018-11-05,6,2,0.6069011445198537
2018-11-06,6,3,0.44960972015763173
2018-11-07,6,3,1.035832826605826
2018-11-08,6,2,1.7459859047916184
2018-11-09,6,3,0.9567303670018344
2018-11-12,6,3,1.8956891890079703
2018-11-13,6,3,2.228317256298382
2018-11-14,6,3,0.755498253944769
2018-11-15,6,3,2.0372271868840413
2018-11-16,6,3,2.2390554241076703
2018-11-19,6,3,1.8969803687273048
2018-11-20,6,3,0.4691392283810656
2018-11-21,6,3,0.8443623479000739
2018-11-22,6,3,0.7685506308810015
2018-11-23,6,2,0.644398616953714
2018-11-26,6,1,0.22754554604979915
2018-11-27,6,1,0.09616723530061055
2018-11-28,6,2,0.5211326353794246
2018-11-29,6,1,0.22419234836997196
2018-11-30,6,2,0.4995686264464816
2018-12-03,6,2,1.6090702414715121
2018-12-04,6,3,1.1306648659099465
2018-12-05,6,3,1.215930543817632
2018-12-06,6,1,1.277328576571347
2018-12-07,6,3,1.243556976558528
2018-12-10,6,3,1.3062646412781211
2018-12-11,6,0,0.4664341860150046
2018-12-12,6,1,0.44699672819392516
2018-12-13,6,3,1.1934288321918183
2018-12-14,6,1,0.5989378533647872
2018-12-17,6,1,0.17703081062119463
2018-12-18,6,1,0.812244900610022
2018-12-19,6,2,0.3958463092529008
2018-12-20,6,2,0.48107759031576175
2018-12-21,6,2,0.4686175023358759
2018-12-24,6,2,0.5120079324790271
2018-12-25,6,2,0.5241942632398007
2018-12-26,6,2,0.40210472855300244
2018-12-27,6,1,0.23497510929227916
2018-12-28,6,2,-0.3030492868104049
2018-12-31,6,2,0.45632360211157036
2019-01-01,6,2,0.348204827690944
2019-01-02,6,1,0.2808041152278945
2019-01-03,6,1,0.14445083004711182
2019-01-04,6,2,0.010368400875377326
2019-01-07,6,2,-0.6162648534567162
2019-01-08,6,2,-1.1383001764804517
2019-01-09,6,2,0.9487011175629786
2019-01-10,6,2,0.5348649315874118
2019-01-11,6,3,0.7652804315123514
2019-01-14,6,3,-0.16953459311664565
2019-01-15,6,3,0.9672321216087436
2019-01-16,6,3,0.7533874332007061
2019-01-17,6,3,0.2690198033312592
2019-01-18,6,3,1.3117888730897471
2019-01-21,6,3,0.9156681777525005
2019-01-22,6,3,0.3565389227215096
2019-01-23,6,3,0.5784056788255542
2019-01-24,6,3,0.7506319574582715
2019-01-25,6,3,0.7811040339700593
2019-01-28,6,3,1.0848312768015969
2019-01-29,6,3,0.634688827384415
2019-01-30,6,3,0.029696261614498842
2019-01-31,6,3,1.1195155150656808
2019-02-01,6,3,1.0043585849813566
2019-02-04,6,3,1.0172156275017576
2019-02-05,6,3,0.6318778432894899
2019-02-06,6,3,0.4685554577542889
2019-02-07,6,3,0.14430071230792021
2019-02-08,6,4,0.2341313225801659
2019-02-11,6,4,0.17756538664355404
2019-02-12,6,4,0.2460292382332535
2019-02-13,6,3,0.1495050552720402
2019-02-14,6,3,-0.17543065740402017
2019-02-15,6,3,0.07839098109171172
2019-02-18,6,4,0.19393417951085037
2019-02-19,6,3,-0.49994792878774424
2019-02-20,6,4,-0.5847870504087805
2019-02-21,6,2,-0.3536452866634719
2019-02-22,6,4,-0.4454692053245608
2019-02-25,6,2,-0.9957661615945087
2019-02-26,6,1,-0.8998816837962478
2019-02-27,6,1,-0.5890486184565717
2019-02-28,6,1,-0.4562710622880129
2019-03-01,6,1,0.17048138892911746
2019-03-04,6,1,0.13605234282714387
2019-03-05,6,1,0.019536823241029122
2019-03-06,6,1,-0.35846807229943406
2019-03-07,6,1,-0.20174375501722178
2019-03-08,6,2,0.19652102993232382
2019-03-11,6,3,1.3539729636661277
2019-03-12,6,3,1.3760309710723826
2019-03-13,6,3,1.365991456306313
2019-03-14,6,3,2.1897490889392865
2019-03-15,6,3,1.83771286238691
2019-03-18,6,2,1.194973206945029
2019-03-19,6,2,1.0915234268841554
2019-03-20,6,1,1.0927250478727715
2019-03-21,6,1,1.240294086279294
2019-03-22,6,1,0.7386000943606265
2019-03-25,6,1,0.8011080573501025
2019-03-26,6,2,1.8040945373683561
2019-03-27,6,1,1.1788374007741143
2019-03-28,6,2,0.7722779076432368
2019-03-29,6,3,0.805649050669882
2019-04-01,6,2,1.0849726724722883
2019-04-02,6,2,1.1338559671609492
2019-04-03,6,3,1.2456045090990413
2019-04-04,6,3,1.0703350347593257
2019-04-05,6,3,0.960022349936739
2019-04-08,6,2,0.3441940688810475
2019-04-09,6,2,0.7710853905497296
2019-04-10,6,2,0.27102763597652624
2019-04-11,6,2,-0.47873330432061323
2019-04-12,6,2,-0.5371607282078378
2019-04-15,6,0,-0.7907438198687103
2019-04-16,6,2,-0.03686528290653233
2019-04-17,6,0,-1.453349007562589
2019-04-18,6,0,-1.8957750721984532
2019-04-19,6,0,-1.8291403395195172
2019-04-22,6,0,-2.24576875929759
2019-04-23,6,0,-2.209491136664395
2019-04-24,6,0,-2.6047984485211813
2019-04-25,6,0,-2.6780477715607596
2019-04-26,6,0,0.3185686345119482
2019-04-29,6,1,-0.03364692959308516
2019-04-30,6,2,0.05793573732902405
2019-05-01,6,1,-0.2289554336190189
2019-05-02,6,1,-0.05904467126052545
2019-05-03,6,1,-0.05904467126052534
2019-05-06,6,2,0.8656322735306592
2019-05-07,6,1,-0.007933879160889612
2019-05-08,6,1,0.21022668306934902
2019-05-09,6,3,0.4709023557077674
2019-05-10,6,2,0.7951483002772775
2019-05-13,6,2,0.9741166198013443
2019-05-14,6,3,0.9532124227768435
2019-05-15,6,3,0.3271661219403748
2019-05-16,6,3,0.9339591509157285
2019-05-17,6,2,0.8728433843887321
2019-05-20,6,2,0.4718683446211791
2019-05-21,6,2,0.7275887237453261
2019-05-22,6,2,0.5982432872762137
2019-05-23,6,2,0.8038522937108046
2019-05-24,6,2,1.0437786044567081
2019-05-27,6,2,1.1560319657884073
2019-05-28,6,0,0.5736916001494144
2019-05-29,6,2,0.9704625894526547
2019-05-30,6,2,0.922707353815
2019-05-31,6,2,0.7743378892384393
2019-06-03,6,0,-1.2562568558596985
2019-06-04,6,1,-1.6444626716556658
2019-06-05,6,1,-2.7732146849716255
2019-06-06,6,1,-3.515997899267024
2019-06-07,6,2,-1.6800899203529156
2019-06-10,6,3,0.3757192934724527
2019-06-11,6,0,-0.3525617954109648
2019-06-12,6,0,-2.3026216063404994
2019-06-13,6,1,-0.694670373862326
2019-06-14,6,1,-1.2426247259492793
2019-06-17,6,0,-1.276556192358024
2019-06-18,6,0,-0.9964419880906469
2019-06-19,6,1,-0.3306664174592793
2019-06-20,6,1,0.002839290137234681
2019-06-21,6,2,-0.00720853148206585
2019-06-24,6,1,-1.1115210590610964
2019-06-25,6,1,-0.998224975417905
2019-06-26,6,1,-0.9684484959056855
2019-06-27,6,1,-0.19207939718428735
2019-06-28,6,1,-0.2660715166845921
2019-07-01,6,1,-0.10327676237317973
2019-07-02,6,1,-0.6782915887137495
2019-07-03,6,1,-1.2311984363696034
2019-07-04,6,1,-1.3181323018443565
2019-07-05,6,1,-1.3482130145438047
2019-07-08,6,1,-0.5691304141787785
2019-07-09,6,1,-0.7589143349975537
2019-07-10,6,0,-0.5997168896810426
2019-07-11,6,1,-0.5900911149058482
2019-07-12,6,1,-0.32573196804825116
2019-07-15,6,0,-0.34821784026573716
2019-07-16,6,1,-0.32960454095450065
2019-07-17,6,2,-0.2697822900991722
2019-07-18,6,2,-0.23224662349934297
2019-07-19,6,1,0.47957818083182097
2019-07-22,6,2,-0.31121618325011136
2019-07-23,6,2,-0.22905088448741326
2019-07-24,6,1,0.1449133351819231
2019-07-25,6,2,0.20161973880020775
2019-07-26,6,0,-0.5216239778568252
2019-07-29,6,2,-0.7867121589567082
2019-07-30,6,1,-0.483817196854115
2019-07-31,6,0,-0.49510465712684315
2019-08-01,6,0,-0.12598142985220542
2019-08-02,6,3,0.6534092811582798
2019-08-05,6,3,0.3168926481071947
2019-08-06,6,2,-0.2069031510241454
2019-08-07,6,2,-0.32356605939908073
2019-08-08,6,2,0.03821880403279169
2019-08-09,6,3,-0.20362495225824473
2019-08-12,6,2,0.5644187662445483
2019-08-13,6,3,0.6595220750004975
2019-08-14,6,2,0.2842939498824582
2019-08-15,6,3,0.8665249958252655
2019-08-16,6,3,0.8354175442289183
2019-08-19,6,3,0.9053840192836614
2019-08-20,6,3,1.716960463587769
2019-08-21,6,4,0.7031431402678917
2019-08-22,6,2,0.4623879294485372
2019-08-23,6,4,0.25996052081687265
2019-08-26,6,2,0.6968147284997147
2019-08-27,6,2,0.3935481413192947
2019-08-28,6,3,1.187508834660859
2019-08-29,6,4,0.9867608494036325
2019-08-30,6,2,-0.006258386511049781
2019-09-02,6,1,-0.002984473223922738
2019-09-03,6,1,0.5514955907715747
2019-09-04,6,3,0.28714199938114254
2019-09-05,6,3,0.9100418311224305
2019-09-06,6,3,0.43061901178859924
2019-09-09,6,3,0.537095987530572
2019-09-10,6,1,0.5623294371349817
2019-09-11,6,1,0.16634780230533833
2019-09-12,6,3,0.45731400393512933
2019-09-13,6,1,0.6166989160568703
2019-09-16,6,1,0.6015041686573362
2019-09-17,6,2,1.1870178824037596
2019-09-18,6,3,0.6076094596512863
2019-09-19,6,1,0.5937160897623256
2019-09-20,6,3,0.8975968314221943
2019-09-23,6,3,1.2918191570727204
2019-09-24,6,4,0.9821280489452162
2019-09-25,6,3,1.6723215206862794
2019-09-26,6,3,1.136262881987607
2019-09-27,6,2,1.9271588541756461
2019-09-30,6,2,1.746851312869862
2019-10-01,6,2,1.7842407782256684
2019-10-02,6,2,1.8545998750800068
2019-10-03,6,2,1.7859514819816569
2019-10-04,6,2,1.7977058074565215
2019-10-07,6,3,1.8405262958944142
2019-10-08,6,2,2.184514757827715
2019-10-09,6,3,2.122531749435899
2019-10-10,6,3,2.181286646164757
2019-10-11,6,2,1.4853723074037972
2019-10-14,6,3,0.8062682565534959
2019-10-15,6,3,0.9371407901571326
2019-10-16,6,1,0.9223153255354092
2019-10-17,6,1,1.128613085361119
2019-10-18,6,1,1.219031132525254
2019-10-21,6,1,0.909787665258647
2019-10-22,6,3,1.1935738805541587
2019-10-23,6,1,1.379320851887415
2019-10-24,6,2,1.2432632229463578
2019-10-25,6,2,1.120951623330804
2019-10-28,6,1,1.3569306463719257
2019-10-29,6,1,1.228653087106258
2019-10-30,6,1,1.1946324766650098
2019-10-31,6,1,1.3852559743116692
2019-11-01,6,1,0.814866789210611
2019-11-04,6,2,0.8031486062489107
2019-11-05,6,1,0.7593804702234191
2019-11-06,6,2,0.7197719053335364
2019-11-07,6,2,0.9678120037531405
2019-11-08,6,2,1.0396884618321296
2019-11-11,6,2,-0.060485231447857855
2019-11-12,6,2,0.15240064675548357
2019-11-13,6,1,0.160789158033979
2019-11-14,6,1,0.3538272223054351
2019-11-15,6,1,0.45104975996084146
2019-11-18,6,1,-0.3685341515870057
2019-11-19,6,1,-0.000559265985541559
2019-11-20,6,1,-0.5481946879992344
2019-11-21,6,1,-0.06819308093075736
2019-11-22,6,1,0.5784437183732752
2019-11-25,6,1,0.4632612432058672
2019-11-26,6,2,1.036887484357038
2019-11-27,6,1,0.33802314606210365
2019-11-28,6,1,0.4082239245234714
2019-11-29,6,1,0.3254324991695361
2019-12-02,6,1,0.161429525935293
2019-12-03,6,1,0.11217469240589335
2019-12-04,6,1,-0.11470289289849271
2019-12-05,6,1,-0.47994770583815494
2019-12-06,6,1,-1.297739107674854
2019-12-09,6,1,-0.6439303036786406
2019-12-10,6,1,-0.4820403809554339
2019-12-11,6,1,-0.39192150164050316
2019-12-12,6,1,-0.22683576456369983
2019-12-13,6,1,-0.5790732900057703
2019-12-16,6,1,-0.5432285760216328
2019-12-17,6,1,0.4063777773044996
2019-12-18,6,1,-0.498309614796473
2019-12-19,6,1,-0.5835658043860851
2019-12-20,6,1,-0.427477732985628
2019-12-23,6,1,-0.5507716243288248
2019-12-24,6,1,-0.6241638371428065
2019-12-25,6,1,-0.6241638371428063
2019-12-26,6,1,-1.1009745648939226
2019-12-27,6,1,-0.6851111549385509
2019-12-30,6,1,-0.2874776195806659
2019-12-31,6,1,-1.0972295466020607
2020-01-01,6,1,-0.26871962127700827
2020-01-02,6,3,0.44509836344245546
2020-01-03,6,1,-0.8132327646332485
2020-01-06,6,1,-0.6435039977176212
2020-01-07,6,1,-0.8028589161526466
2020-01-08,6,1,-0.7525887165880715
2020-01-09,6,3,0.29556447517955536
2020-01-10,6,0,-0.2508424252340677
2020-01-13,6,3,0.36837174710783954
2020-01-14,6,1,-0.35708766473398773
2020-01-15,6,0,0.14496088326436682
2020-01-16,6,0,-0.37286167195152914
2020-01-17,6,0,-0.0006084340186975715
2020-01-20,6,2,-0.3038454104280775
2020-01-21,6,2,0.3885705143603328
2020-01-22,6,1,0.30525197923619757
2020-01-23,6,2,0.5924257194034007
2020-01-24,6,1,0.6012563591443288
2020-01-27,6,2,0.23871902441955117
2020-01-28,6,2,0.5004327480218834
2020-01-29,6,1,0.20135370498370211
2020-01-30,6,2,0.3572164371650864
2020-01-31,6,2,0.2917659822548985
2020-02-03,6,1,0.12599217186042846
2020-02-04,6,1,-0.1651907787004677
2020-02-05,6,3,0.7304746018904081
2020-02-06,6,1,0.010910059054996346
2020-02-07,6,3,0.9119566079470212
2020-02-10,6,1,-1.353827937170985
2020-02-11,6,1,-4.027582912826364
2020-02-12,6,0,-4.772377337867964
2020-02-13,6,0,-4.772377337867965
2020-02-14,6,1,-1.9147134519816842
2020-02-17,6,1,-1.0332772329842106
2020-02-18,6,1,-1.835872294191332
2020-02-19,6,1,-1.6106812417003222
2020-02-20,6,1,-0.9201924459232634
2020-02-21,6,1,-0.7456602552583197
2020-02-24,6,1,-1.0924273030130078
2020-02-25,6,1,-1.3698326398578968
2020-02-26,6,1,-1.709122163178175
2020-02-27,6,1,-1.504590265983676
2020-02-28,6,0,-3.9326123144987553
2020-03-02,6,0,0.4109746038443864
2020-03-03,6,1,0.7259878206162288
2020-03-04,6,1,0.6762688000717046
2020-03-05,6,0,0.10204407670385819
2020-03-06,6,0,0.3026835379607824
2020-03-09,24,10,-14.810374712747588
2020-03-10,6,0,0.5090234820570684
2020-03-11,24,6,-10.85035012275616
2020-03-12,24,10,-14.71723761409781
2020-03-13,24,9,-14.761307779241854
2020-03-16,24,9,-16.056457820206564
2020-03-17,24,7,-14.3686996010451
2020-03-18,6,2,0.9913255276678955
2020-03-19,24,7,-14.406579110479202
2020-03-20,6,2,0.8075302832430632
2020-03-23,6,2,1.0954870780981574
2020-03-24,6,2,1.0105192962048908
2020-03-25,6,1,1.170085969755418
2020-03-26,6,2,1.2119082270196586
2020-03-27,6,3,1.1026923192455051
2020-03-30,6,2,1.123700815836188
2020-03-31,6,3,1.0207787018073295
2020-04-01,6,3,0.9714823232750726
2020-04-02,6,2,0.9471089170649686
2020-04-03,6,2,0.804428988836927
2020-04-06,6,2,0.7380715027777685
2020-04-07,6,3,0.455124806368359
2020-04-08,6,2,-0.02818301187672963
2020-04-09,26,15,21.24933510417202
2020-04-10,6,1,0.13900097771775413
2020-04-13,6,1,0.2566141776907678
2020-04-14,24,6,1.96314260430902
2020-04-15,24,6,-8.07035732942242
2020-04-16,24,7,-3.516370068320778
2020-04-17,24,7,-1.4028376850400202
2020-04-20,24,6,-3.543935973358339
2020-04-21,24,8,-5.772329690538051
2020-04-22,24,6,-3.6552451933029233
2020-04-23,24,7,-3.644721305713786
2020-04-24,24,7,-3.7653055047384183
2020-04-27,24,7,-2.092465640118833
2020-04-28,24,7,-2.9854531223519607
2020-04-29,24,7,-3.1684228841599764
2020-04-30,24,6,-3.3504600514814307
2020-05-01,24,6,-3.1438648124202366
2020-05-04,24,6,-3.169248027780631
2020-05-05,24,7,-3.1540824334088318
2020-05-06,24,6,-3.332785417557211
2020-05-07,24,1,-0.4241511449222048
2020-05-08,24,7,-2.510459015989587
2020-05-11,24,5,-1.1495837742999948
2020-05-12,26,5,-0.5330739006605538
2020-05-13,26,5,-0.33200103279389076
2020-05-14,27,8,-0.04467780362019118
2020-05-15,27,9,-0.1946408418923592
2020-05-18,27,10,-0.25559647860439766
2020-05-19,27,9,-0.9823857047534719
2020-05-20,27,7,-0.4243714048399079
2020-05-21,27,11,-1.2005462067505148
2020-05-22,27,8,-0.5124514310076334
2020-05-25,27,9,-1.4558786849593817
2020-05-26,27,11,-1.0658692136769943
2020-05-27,27,9,-0.3660569805399935
2020-05-28,27,11,-0.19600324359366506
2020-05-29,27,8,-0.12011373683271137
2020-06-01,27,9,-0.5753603958723474
2020-06-02,27,8,-0.6614950160013974
2020-06-03,27,9,-1.0441947273569963
2020-06-04,27,3,-1.053426752502724
2020-06-05,24,7,-3.379080504199719
2020-06-08,6,2,-1.6669500557047927
2020-06-09,24,7,-3.284135978265643
2020-06-10,6,2,-0.9399752563745102
2020-06-11,6,2,-1.1733551350517064
2020-06-12,6,2,-1.1928474745470652
2020-06-15,6,2,-0.5566863017614062
2020-06-16,24,7,-2.6537075013090163
2020-06-17,6,2,-2.072184605929936
2020-06-18,6,2,-0.3259078548916496
2020-06-19,27,5,0.013919736483594881
2020-06-22,6,2,-0.9208258811218756
2020-06-23,6,2,-0.946173770678827
2020-06-24,6,2,-0.13356135008549683
2020-06-25,6,2,-0.2092932706493258
2020-06-26,6,2,-0.2092932706493249
2020-06-29,6,2,-0.7767009568266738
2020-06-30,6,2,-0.9676753094812147
2020-07-01,6,2,-1.6795060390677985
2020-07-02,27,4,-0.4687159685103904
2020-07-03,27,2,-0.747580538335017
2020-07-06,24,3,-2.2944951250237744
2020-07-07,24,4,-0.5096092301941776
2020-07-08,6,2,0.9972885460503048
2020-07-09,6,3,1.0070656483330047
2020-07-10,6,1,-0.004203394551141826
2020-07-13,6,3,1.0070656483330047
2020-07-14,26,2,-0.09993830783346246
2020-07-15,6,1,0.6292432872346958
2020-07-16,27,3,0.4825259619007659
2020-07-17,27,6,-1.3839521776726582
2020-07-20,27,7,-1.1506731048965146
2020-07-21,27,2,-0.4747369516395463
2020-07-22,27,5,0.4364921704848309
2020-07-23,27,1,-0.4717267600060364
2020-07-24,26,2,0.5871908497314628
2020-07-27,27,1,0.4144137455889018
2020-07-28,6,3,1.0013961411743675
2020-07-29,27,2,0.7417902679160052
2020-07-30,27,3,0.5983369398757907
2020-07-31,6,3,0.8243268352791531
2020-08-03,6,1,0.3837384580342716
2020-08-04,27,4,0.3326560706894721
2020-08-05,27,3,-0.12098342200936922
2020-08-06,27,5,-0.20448777345272962
2020-08-07,27,5,-0.2044191871497614
2020-08-10,26,12,3.899612057867461
2020-08-11,26,11,2.1154548426866464
2020-08-12,26,12,3.4732934484911584
2020-08-13,26,12,4.045375667278854
2020-08-14,6,1,0.0791239620528736
2020-08-17,26,10,0.8686059544629161
2020-08-18,27,12,-0.43168995291379625
2020-08-19,27,11,0.05895939253260983
2020-08-20,27,11,0.1489399311617941
2020-08-21,27,12,5.09008895576579
2020-08-24,6,1,-0.40485218624550506
2020-08-25,6,1,-0.43868903677541854
2020-08-26,6,1,-0.12464595675539986
2020-08-27,6,1,-0.5022625479632264
2020-08-28,22,3,0.5332499621049439
2020-08-31,27,10,0.598158297041588
2020-09-01,6,1,-0.5069922147537766
2020-09-02,6,1,-0.7807928659510637
2020-09-03,6,1,-0.8559014142961198
2020-09-04,27,6,1.0716707100765905
2020-09-07,27,7,0.4838161775146928
2020-09-08,27,8,0.07546508970301907
2020-09-09,27,6,559464161680175.56
2020-09-10,27,7,433359076197445.1
2020-09-11,27,6,2.662449374366467
2020-09-14,27,8,1.1282040897540422
2020-09-15,27,8,2.1917398536513106
2020-09-16,27,6,433359076197443.44
2020-09-17,6,2,-0.2915684484220334
2020-09-18,27,10,661966923256971.9
2020-09-21,27,7,-0.23287429782154379
2020-09-22,27,8,-1.9099828772385974
2020-09-23,27,7,-2.083427835708531
2020-09-24,27,4,0.47353315693537584
2020-09-25,6,2,-1.214547046151518
2020-09-28,6,2,-1.2643046640461557
2020-09-29,6,2,-1.1471561927745533
2020-09-30,6,2,-1.0847326675587172
2020-10-01,6,2,-1.0847326675587174
2020-10-02,6,1,-1.4058230875557554
2020-10-05,6,2,-1.3539057694325791
2020-10-06,6,2,-1.3539057694325791
2020-10-07,6,2,-1.5417543901390722
2020-10-08,27,4,-0.8894495275019997
2020-10-09,27,7,0.1301023319058862
2020-10-12,27,3,-0.7261919211477612
2020-10-13,27,2,-0.8876534517818258
2020-10-14,27,7,-8.93062077638185
2020-10-15,6,1,-1.1005294594648596
2020-10-16,27,8,-2.0625427225871453
2020-10-19,27,9,-13.158075639960181
2020-10-20,27,8,-2.0705726454777102
2020-10-21,27,9,-13.245152748901384
2020-10-22,27,12,-15.347483846632155
2020-10-23,27,7,-11.957867597171958
2020-10-26,27,6,-7.766740296054736
2020-10-27,27,11,-5.016040568097032
2020-10-28,6,1,-1.6955538898479574
2020-10-29,6,1,-1.5760053451851663
2020-10-30,27,6,-1.5653306104595226
2020-11-02,27,4,-1.8091812540869705
2020-11-03,27,4,-1.8798055074079802
2020-11-04,27,8,-1.5382502090566401
2020-11-05,27,0,-0.6591813519355246
2020-11-06,27,8,-1.4810270669506465
2020-11-09,27,0,-0.17531687374483748
2020-11-10,27,7,-1.4934325535075106
2020-11-11,27,6,-7.949726828290456
2020-11-12,27,3,-1.097436143566737
2020-11-13,27,5,-1.2941236147829018
2020-11-16,27,7,-4.7682745751497295
2020-11-17,27,0,-1.5805795273326995
2020-11-18,27,2,-1.6373016646791494
2020-11-19,27,3,-1.3600518680415723
2020-11-20,27,4,-0.9235438347984868
2020-11-23,27,0,-0.7882536686611231
2020-11-24,27,3,-0.9723861734980576
2020-11-25,27,2,-2.837990448076081
2020-11-26,27,0,-1.375496888790688
2020-11-27,27,0,-1.8566601698195984
2020-11-30,27,0,-1.260412145101322
2020-12-01,27,0,-0.4176543975684982
2020-12-02,27,3,-2.3965799370131293
2020-12-03,27,0,-2.1595331372571187
2020-12-04,27,0,-2.2424156434183016
2020-12-07,27,2,-2.5912076234640753
2020-12-08,27,0,-2.2041151844532774
2020-12-09,27,0,-2.0689417040668894
2020-12-10,27,0,-2.4437186329650262
2020-12-11,27,3,-2.240654192394356
2020-12-14,27,3,-2.0254765288221304
2020-12-15,27,3,-1.850159409608854
2020-12-16,27,2,-1.8186956186148437
2020-12-17,27,0,-1.4878212527892163
2020-12-18,27,0,-1.9605583252014056
2020-12-21,27,0,-1.5317358724852506
2020-12-22,27,1,-2.287291776910014
2020-12-23,27,2,-1.8067928125873207
2020-12-24,27,2,-1.8254712420255326
2020-12-25,27,2,-1.7489897608088785
2020-12-28,27,4,-1.9365288102248295
2020-12-29,27,4,-1.9039708917790226
2020-12-30,27,2,-1.2036188194105903
2020-12-31,27,3,-1.1634008364983683
2021-01-01,27,3,-1.508400161567117
2021-01-04,27,3,-1.822598843752911
2021-01-05,27,3,-1.4817726349838025
2021-01-06,27,1,-0.722606043136308
2021-01-07,27,3,0.09389782169514929
2021-01-08,27,1,-0.2745142823910509
2021-01-11,27,1,-1.2512588441126704
2021-01-12,27,0,-0.9046263504843973
2021-01-13,27,2,-0.8120333879105838
2021-01-14,27,0,-1.4691284530893356
2021-01-15,27,6,-1.5952624226906633
2021-01-18,27,6,-1.6463205615318426
2021-01-19,27,6,-1.55367603820187
2021-01-20,27,4,-1.795961890050813
2021-01-21,27,0,-1.260833709513002
2021-01-22,27,7,-0.823756490664983
2021-01-25,27,7,-0.9081517865993047
2021-01-26,27,6,-0.7882988036499077
2021-01-27,27,6,-1.481246788919179
2021-01-28,27,3,-1.6473662729078455
2021-01-29,27,4,-1.198286740779717
2021-02-01,27,1,-1.602701848428178
2021-02-02,27,1,-1.4126563028929482
2021-02-03,27,0,-1.4091834735667912
2021-02-04,27,0,-1.7649533461858302
2021-02-05,27,0,-1.8020954098854416
2021-02-08,27,0,-1.9807908889911578
2021-02-09,27,2,-1.2543827500697915
2021-02-10,27,9,-1.4462239644138901
2021-02-11,27,8,-0.9689353570485317
2021-02-12,28,8,-1.4262182440428273
2021-02-15,28,7,-1.6039969582420166
2021-02-16,28,6,-1.094381757919747
2021-02-17,28,4,-1.4919432473679761
2021-02-18,28,4,-1.2123439431156888
2021-02-19,28,3,-1.319825513392144
2021-02-22,28,5,-0.9572522310670895
2021-02-23,28,5,-1.0198755057365514
2021-02-24,28,3,-1.1775106338213248
2021-02-25,28,4,-1.411146162958182
2021-02-26,28,2,-1.4233223035592306
2021-03-01,27,2,-1.3437559485174728
2021-03-02,28,2,-1.1611500798740966
2021-03-03,28,2,-1.0433928777210055
2021-03-04,28,3,-1.242771576642221
2021-03-05,28,2,-1.1102634203859592
2021-03-08,27,5,-0.7871779228778933
2021-03-09,26,6,-0.9625919840062025
2021-03-10,27,3,0.17254353886708543
2021-03-11,28,5,0.33407543868816747
2021-03-12,27,4,-0.7678639210545235
2021-03-15,27,4,0.10131603123961129
2021-03-16,28,5,0.3340754386881675
2021-03-17,27,5,-1.2283711379475177
2021-03-18,28,4,-0.30356953450186913
2021-03-19,27,7,-0.9244561389345478
2021-03-22,28,5,0.26137629368935017
2021-03-23,27,5,-0.8102329508970258
2021-03-24,27,5,-0.9893523048547274
2021-03-25,27,4,-1.1399090360264121
2021-03-26,28,10,0.316404658222209
2021-03-29,28,6,-0.08416881347890937
2021-03-30,28,6,-0.12207917470019217
2021-03-31,28,9,0.28448103301116306
2021-04-01,28,9,0.9970104999851024
2021-04-02,28,9,1.1585164334615996
2021-04-05,28,12,1.257714129307594
2021-04-06,28,13,1.2989053963483137
2021-04-07,28,10,1.066904914009162
2021-04-08,28,12,1.6638546948176525
2021-04-09,6,0,-1.5822334945298087
2021-04-12,6,0,-1.77968234282347
2021-04-13,31,13,6.271189304364869
2021-04-14,6,1,-1.2748421434729778
2021-04-15,31,16,13.525308251452982
2021-04-16,31,15,12.082634921543338
2021-04-19,29,4,0.17976497439869832
2021-04-20,6,1,-2.234944793584746
2021-04-21,6,1,-2.1278523953438717
2021-04-22,6,0,-2.060966527688406
2021-04-23,27,0,-6.585991915105349
2021-04-26,6,1,-2.03089417917306
2021-04-27,6,1,-2.03089417917306
2021-04-28,6,1,-1.849723110131657
2021-04-29,6,1,-1.6400591238079982
2021-04-30,6,0,-1.5607933865319825
2021-05-03,6,2,-1.2985292774740793
2021-05-04,31,12,-208.7174100434855
2021-05-05,31,13,871664444007190.8
2021-05-06,31,10,871664444007191.1
2021-05-07,31,11,-0.10783993945247468
2021-05-10,31,13,0.4285088134596868
2021-05-11,31,10,0.08632244509083564
2021-05-12,31,10,-0.6623508373757709
2021-05-13,31,11,-0.14471258474061888
2021-05-14,31,11,-0.10094945075704925
2021-05-17,31,9,-0.6939617540472747
2021-05-18,31,8,-1.300960359072843
2021-05-19,31,7,-0.7025884062464199
2021-05-20,31,7,-0.20643624160303223
2021-05-21,31,7,-0.7013486811677639
2021-05-24,31,6,-0.6490103560605672
2021-05-25,31,0,-0.9037784294103787
2021-05-26,31,0,-1.854724527534525
2021-05-27,31,0,-1.0294384329055515
2021-05-28,31,5,-1.5134790067023158
2021-05-31,31,4,-1.6717956413807702
2021-06-01,27,4,-2.0078640256190927
2021-06-02,31,2,-1.3133655309466177
2021-06-03,31,5,-1.2667019116970695
2021-06-04,31,6,-1.3436260218819194
2021-06-07,31,2,-1.1176674534923916
2021-06-08,31,8,-1.0033899271898188
2021-06-09,31,8,-0.22950286927332014
2021-06-10,31,8,-1.0272367794474182
2021-06-11,31,7,0.5373875028306223
2021-06-14,31,10,0.5835670833911029
2021-06-15,31,5,-0.6594343911373769
2021-06-16,31,9,-0.22339453506620435
2021-06-17,31,8,-0.23234112588227498
2021-06-18,31,9,0.12425997592728925
2021-06-21,31,10,0.15364247311821705
2021-06-22,31,8,0.0006851256245268636
2021-06-23,31,9,0.2520691514086595
2021-06-24,31,11,0.4151064687354459
2021-06-25,31,8,0.5175499601525158
2021-06-28,31,12,0.4419213523234898
2021-06-29,31,11,0.6019341296402372
2021-06-30,31,7,0.6349448300285666
2021-07-01,31,9,0.7119645867449227
2021-07-02,31,13,0.9531936778447387
2021-07-05,31,9,0.6260831985055968
2021-07-06,31,9,0.678075714474931
2021-07-07,31,13,1.1283677703883828
2021-07-08,31,14,0.8114602727229623
2021-07-09,31,8,0.526372525946535
2021-07-12,31,15,1.050208617012698
2021-07-13,31,13,1.1247798832714206
2021-07-14,31,9,0.9541014672255236
2021-07-15,31,12,0.6271653900111113
2021-07-16,31,12,1.0617503096189123
2021-07-19,31,11,0.9297364690745158
2021-07-20,31,11,0.7655219869935712
2021-07-21,31,13,0.8436563000442794
2021-07-22,31,14,1.0040383785285494
2021-07-23,31,13,0.9816112376678208
2021-07-26,31,8,0.8890685489888775
2021-07-27,31,11,0.7846755583607076
2021-07-28,31,12,0.6739570202289868
2021-07-29,31,13,0.5261579542847914
2021-07-30,31,10,0.5024931861470858
2021-08-02,31,13,0.5261579542847914
2021-08-03,31,13,0.6134247772826685
2021-08-04,31,16,0.5951698466142905
2021-08-05,32,15,0.7170932283864234
2021-08-06,32,15,0.7531386820760229
2021-08-09,32,16,0.45430062273141314
2021-08-10,32,17,1.055875084021681
2021-08-11,32,16,1.0254957152881796
2021-08-12,32,15,1.035908725753339
2021-08-13,32,14,1.0377518424262253
2021-08-16,32,16,1.0024892598868511
2021-08-17,32,14,0.9160256688575912
2021-08-18,32,14,1.079963828977203
2021-08-19,32,12,0.9389187781297078
2021-08-20,32,14,0.8760023939548769
2021-08-23,32,14,1.3061284280026384
2021-08-24,32,16,1.2159131224945205
2021-08-25,32,17,1.5682270890911842
2021-08-26,32,16,1.3359237576331806
2021-08-27,32,16,1.5161078338797966
2021-08-30,33,17,1.621405616748179
2021-08-31,33,15,1.6731785515155786
2021-09-01,33,15,1.7880482875960189
2021-09-02,35,16,1.7993014347863474
2021-09-03,35,15,1.7890641234543463
2021-09-06,35,17,1.9788805671303713
2021-09-07,35,17,2.212549352400552
2021-09-08,35,19,1.768783417279594
2021-09-09,35,17,2.387074860246551
2021-09-10,35,18,2.536963778786834
2021-09-13,35,18,1.5580205601607005
2021-09-14,35,14,1.423597632123381
2021-09-15,35,15,1.8820983692455286
2021-09-16,35,15,1.38373801243153
2021-09-17,35,17,1.6278111354948992
2021-09-20,35,17,1.7497343494460476
2021-09-21,35,17,2.012877596101592
2021-09-22,35,19,2.04038521201383
2021-09-23,35,17,1.5717837364703313
2021-09-24,35,18,2.26163088732126
2021-09-27,35,20,2.2111399137200385
2021-09-28,35,19,2.0272346397462804
2021-09-29,35,19,1.9154515388682172
2021-09-30,35,19,1.8512506673765698
2021-10-01,35,21,1.7838050063620208
2021-10-04,35,19,1.668128438717865
2021-10-05,35,19,1.5876560272197386
2021-10-06,35,17,1.5595122600273656
2021-10-07,35,16,1.4864391081054644
2021-10-08,35,17,1.249043440163106
2021-10-11,35,13,1.056456223814711
2021-10-12,35,13,0.9632501931014835
2021-10-13,35,12,0.8548677477299272
2021-10-14,35,12,0.6243162808139523
2021-10-15,35,4,0.43314652716796687
2021-10-18,35,14,0.7383725996049874
2021-10-19,35,12,0.6513725120367189
2021-10-20,35,7,0.58760231476515
2021-10-21,35,12,1.0829785969739103
2021-10-22,35,15,1.2290078095574377
2021-10-25,35,13,0.6663669341245148
2021-10-26,35,6,0.511897992676005
2021-10-27,35,6,0.4282976307229158
2021-10-28,35,2,0.6016770173469987
2021-10-29,35,1,0.35755532266896284
2021-11-01,35,3,0.23536169165791349
2021-11-02,35,5,0.45487416267249775
2021-11-03,35,1,0.1901737459906574
2021-11-04,35,3,0.14636056602208702
2021-11-05,35,2,0.015019009891140217
2021-11-08,35,4,0.039611361576674345
2021-11-09,35,7,-0.007294305465929796
2021-11-10,35,3,0.057250956385526866
2021-11-11,35,3,0.37823567570485256
2021-11-12,35,7,0.36917984962848444
2021-11-15,35,6,0.28815870240256664
2021-11-16,35,6,0.294050918836746
2021-11-17,35,8,0.04958229077497885
2021-11-18,35,3,0.02063421594553845
2021-11-19,35,5,0.3737379310209766
2021-11-22,35,6,0.15396002767917863
2021-11-23,35,10,0.4622240728789584
2021-11-24,35,9,0.3802135816205731
2021-11-25,35,10,0.433104461486187
2021-11-26,35,10,0.25216841812555885
2021-11-29,35,10,0.5111467687999611
2021-11-30,35,11,0.4141854601760528
2021-12-01,35,5,0.34619506361371893
2021-12-02,35,6,0.4593061602347032
2021-12-03,35,9,0.6961630913156809
2021-12-06,35,7,0.22646011658201698
2021-12-07,35,19,1.20592475415689
2021-12-08,35,17,1.120741513637227
2021-12-09,35,14,1.067934312399427
2021-12-10,35,13,1.0884098310518073
2021-12-13,35,18,1.3377267372229542
2021-12-14,36,16,1.6593949046003196
2021-12-15,36,13,1.107369118295895
2021-12-16,36,14,1.3203825362312305
2021-12-17,36,12,0.7417020270410715
2021-12-20,36,11,0.7504500272087851
2021-12-21,36,13,0.9149334232481725
2021-12-22,36,9,-0.3791757797625114
2021-12-23,36,8,0.23760392477113315
2021-12-24,36,10,0.20316968087667006
2021-12-27,36,10,0.16448171314169946
2021-12-28,36,7,0.04252829822681963
2021-12-29,36,7,0.05570037592007367
2021-12-30,36,6,0.5834461389181875
2021-12-31,36,11,0.3611641414732882
2022-01-03,36,12,0.2908527991539468
2022-01-04,36,10,0.23764096017337877
2022-01-05,36,11,0.2733368695700356
2022-01-06,36,7,0.324635839486118
2022-01-07,36,9,0.6685447613365038
2022-01-10,36,12,0.37964769397209985
2022-01-11,36,7,0.2508807032030884
2022-01-12,35,10,0.9396968479191031
2022-01-13,35,5,0.5777653537380433
2022-01-14,35,8,0.5962059038737562
2022-01-17,35,7,0.6020807680650175
2022-01-18,35,13,1.0182378793758557
2022-01-19,35,6,0.5696300524194322
2022-01-20,36,11,1.4247040642844127
2022-01-21,35,13,1.1289532510822897
2022-01-24,35,12,0.9224932186412815
2022-01-25,35,11,0.5982052260706048
2022-01-26,35,14,1.2909797868773483
2022-01-27,36,8,0.7572020229484848
2022-01-28,36,8,0.7572020229484848
2022-01-31,36,8,0.6313454255257103
2022-02-01,36,9,0.6822442464185628
2022-02-02,36,9,0.6095782487467322
2022-02-03,36,11,0.682274097359926
2022-02-04,36,10,0.8150315684391336
2022-02-07,35,14,1.2557845644480643
2022-02-08,35,13,1.1561752265769125
2022-02-09,35,15,1.1478583444700332
2022-02-10,35,16,1.5147417338946785
2022-02-11,35,16,1.4884029826894343
2022-02-14,36,15,1.191836670051179
2022-02-15,36,15,1.0100960314825895
2022-02-16,36,12,0.8527738023251467
2022-02-17,36,14,1.0416428368505186
2022-02-18,36,15,1.0041245105230947
2022-02-21,36,8,0.49430943116831255
2022-02-22,36,5,0.715198866515999
2022-02-23,36,7,0.4490255097699113
2022-02-24,35,4,0.5682427571976048
2022-02-25,36,18,1.0135220165002206
2022-02-28,36,16,1.0300509167335368
2022-03-01,36,19,0.952308173176088
2022-03-02,36,12,0.5805299507637272
2022-03-03,36,9,0.43231991033797706
2022-03-04,36,10,0.5337242870885939
2022-03-07,36,11,0.7867893964632812
2022-03-08,36,15,0.9613526654384008
2022-03-09,36,13,1.0060959005944963
2022-03-10,36,15,1.2004073662019552
2022-03-11,36,15,1.1706444412323487
2022-03-14,36,14,1.03709260710476
2022-03-15,36,15,1.0361489223208535
2022-03-16,36,19,1.807428154890577
2022-03-17,35,20,1.8563034334497022
2022-03-18,36,21,1.7784816880922147
2022-03-21,36,18,1.3647767486165971
2022-03-22,36,20,1.8375472845338368
2022-03-23,36,22,1.8705056468290384
2022-03-24,36,21,1.6568674989678163
2022-03-25,36,19,1.5710230777800716
2022-03-28,36,20,1.8440632454677943
2022-03-29,36,18,1.952422244135261
2022-03-30,36,18,1.7027074830080036
2022-03-31,36,21,1.7874091010283664
2022-04-01,36,17,1.2730070511226212
2022-04-04,36,16,0.6835629776506171
2022-04-05,36,16,0.6835629776506171
2022-04-06,36,14,0.42495692540287544
2022-04-07,36,14,0.5119871836114595
2022-04-08,36,14,0.6033898619410158
2022-04-11,36,12,0.6333001036460749
2022-04-12,36,20,1.2915171965161993
2022-04-13,36,21,1.6166837075206995
2022-04-14,36,14,1.2308816525128004
2022-04-15,36,15,1.2505974887348197
2022-04-18,36,21,1.4735245660110412
2022-04-19,36,17,1.4415915640688663
2022-04-20,36,12,1.0285162346649448
2022-04-21,36,15,1.4879827344778513
2022-04-22,36,13,1.5651701543909473
2022-04-25,36,10,0.29877822279876776
2022-04-26,36,9,-0.4784725422559253
2022-04-27,36,11,-0.29108971504858644
2022-04-28,36,9,-0.05246619422122459
2022-04-29,36,11,0.550242693270202
2022-05-02,36,7,-0.6068418559403157
2022-05-03,36,7,-0.09231150306158606
2022-05-04,36,7,-0.04813185276362247
2022-05-05,36,10,0.2191634465965393
2022-05-06,36,9,-0.2258517241573366
2022-05-09,36,9,-0.20263362935499107
2022-05-10,36,11,0.6203828157925438
2022-05-11,36,10,0.13983863275291364
2022-05-12,36,12,0.15727156022907754
2022-05-13,36,9,0.5443710442475077
2022-05-16,36,11,0.6959604995154568
2022-05-17,36,10,0.60629213517781
2022-05-18,36,6,0.6940618837298657
2022-05-19,36,8,0.7901968699759193
2022-05-20,36,7,0.6223241619348593
2022-05-23,36,12,0.6328211880245266
2022-05-24,36,11,0.5307532679475663
2022-05-25,36,10,0.48168336404629614
2022-05-26,36,12,0.33587670296735084
2022-05-27,36,5,0.1258901066607663
2022-05-30,36,6,0.8185431372918766
2022-05-31,36,6,0.801926883632168
2022-06-01,6,1,-1.417269592557103
2022-06-02,6,1,-0.8982476728802142
2022-06-03,6,1,-0.8864942893298497
2022-06-06,6,2,0.698589622044454
2022-06-07,6,2,0.37059294813300764
2022-06-08,6,2,0.4192015463697926
2022-06-09,6,1,-0.5940964237950997
2022-06-10,27,6,0.6251228706680797
2022-06-13,27,0,-0.31078503843928607
2022-06-14,6,1,-1.02638913853518
2022-06-15,28,4,0.01582762929488148
2022-06-16,6,1,-0.8548582708416359
2022-06-17,6,1,-0.6915688533363724
2022-06-20,6,0,-0.9596929330108375
2022-06-21,6,0,-1.0952406295271906
2022-06-22,6,0,-1.6654824487856288
2022-06-23,31,6,0.46814016027169186
2022-06-24,6,0,-1.2565978904227226
2022-06-27,6,0,-1.5769758677966859
2022-06-28,6,0,-1.5769758677966852
2022-06-29,6,0,-1.3690823359059945
2022-06-30,6,0,-1.1131872148693382
2022-07-01,6,1,-1.2444996628802512
2022-07-04,36,9,-10.424888968836397
2022-07-05,36,9,-10.45275942306693
2022-07-06,36,8,-4.265912419385213
2022-07-07,36,9,-3.6130040951202034
2022-07-08,36,10,-2.7276583635565803
2022-07-11,36,9,-1.7379378924904745
2022-07-12,36,10,-1.0544954759169358
2022-07-13,6,1,-0.6795000771270542
2022-07-14,36,8,-1.254992265994086
2022-07-15,27,6,-2.307136006199183
2022-07-18,6,1,0.29179589845213594
2022-07-19,27,1,-0.2982114319636639
2022-07-20,6,1,-0.245642316528522
2022-07-21,6,1,0.6143564593943215
2022-07-22,6,1,0.6143564593943217
2022-07-25,6,1,-0.21056998742539212
2022-07-26,36,13,0.9358514764040196
2022-07-27,6,2,0.08231281250694511
2022-07-28,6,1,0.27126422260898336
2022-07-29,6,2,0.12760265861452255
2022-08-01,6,1,0.2143476470042677
2022-08-02,36,14,0.16376636750514859
2022-08-03,36,13,0.7087339611297055
2022-08-04,36,10,0.2781542539515197
2022-08-05,36,4,-0.23693579869365053
2022-08-08,36,4,0.6038659712034907
2022-08-09,36,9,0.8449960688589875
2022-08-10,36,6,0.05317927244419381
2022-08-11,36,6,0.19853580946412616
2022-08-12,36,12,0.7831389513616341
2022-08-15,36,17,0.6412002746470188
2022-08-16,36,17,0.73480187710603
2022-08-17,36,10,0.7551664440358491
2022-08-18,37,19,1.0349985559534984
2022-08-19,37,15,0.7347888296645835
2022-08-22,36,14,0.7042897392762653
2022-08-23,37,18,0.886830664402207
2022-08-24,37,12,0.2640710570787194
2022-08-25,37,14,0.6022283486002816
2022-08-26,37,16,0.5267462238924783
2022-08-29,37,15,0.7505992213537601
2022-08-30,37,16,0.6966453200699375
2022-08-31,37,11,0.7211293170885849
2022-09-01,37,19,1.0783448567816518
2022-09-02,37,19,1.5567202100708717
2022-09-05,38,14,1.037447410464667
2022-09-06,38,19,1.8460564195012112
2022-09-07,38,20,1.9713732870550085
2022-09-08,38,20,2.434986409668658
2022-09-09,38,11,0.9064981765535345
2022-09-12,38,9,0.8233284498296757
2022-09-13,38,20,2.0779277493207755
2022-09-14,38,22,2.282405651774903
2022-09-15,38,22,2.282405651774903
2022-09-16,38,20,1.3640921455994321
2022-09-19,38,19,1.381782841260639
2022-09-20,38,20,1.4139933122722288
2022-09-21,38,17,1.2683111307073576
2022-09-22,38,17,1.223103085860324
2022-09-23,38,19,1.3231589213361437
2022-09-26,38,19,1.0334183936212376
2022-09-27,38,20,1.2039737864159896
2022-09-28,38,16,1.0563234494715765
2022-09-29,38,16,1.0879137382005233
2022-09-30,38,16,1.0152799085267876
2022-10-03,38,15,0.6454569784943484
2022-10-04,38,15,0.7879660834270719
2022-10-05,38,16,0.7345609642591411
2022-10-06,38,14,0.7195889729203643
2022-10-07,38,15,0.7411766124850764
2022-10-10,38,14,0.6686962665704608
2022-10-11,38,14,0.5007987618770398
2022-10-12,38,14,0.49758430465271614
2022-10-13,38,14,0.34990861931909917
2022-10-14,38,14,0.3965111421570007
2022-10-17,38,11,0.9296972688178892
2022-10-18,38,10,0.88889131885229
2022-10-19,38,10,0.797727516449663
2022-10-20,38,11,0.415827970059454
2022-10-21,38,9,0.9068933356963529
2022-10-24,38,9,0.4206527300393009
2022-10-25,38,11,0.7615494519312046
2022-10-26,38,14,0.9543356683922523
2022-10-27,38,15,0.7067854082914026
2022-10-28,38,15,0.44575851467146027
2022-10-31,38,11,0.5683734503725624
2022-11-01,38,18,1.2135845296037824
2022-11-02,38,15,0.792972392820131
2022-11-03,38,17,0.9021567506589684
2022-11-04,38,15,1.0071076241709047
2022-11-07,38,17,1.3686579893538857
2022-11-08,38,8,0.31173049944319264
2022-11-09,38,18,1.12499244665615
2022-11-10,38,20,1.2221996030676052
2022-11-11,38,1,0.09275328665622636
2022-11-14,38,1,0.19649236840533674
2022-11-15,38,5,0.17770390629231023
2022-11-16,38,10,0.9963904239849493
2022-11-17,38,7,0.9130659384709894
2022-11-18,38,3,0.4619654198230533
2022-11-21,38,12,0.7578553007413958
2022-11-22,38,11,0.9586807156185368
2022-11-23,38,14,1.1577865587183196
2022-11-24,38,19,1.2688646282871163
2022-11-25,38,12,0.8380119252281691
2022-11-28,38,18,0.9602537315816339
2022-11-29,38,13,0.8977306444540295
2022-11-30,38,16,-2.1303862842242096
2022-12-01,38,3,0.6708180483920778
2022-12-02,38,13,1.2748279469203425
2022-12-05,38,16,-2.2759138291319005
2022-12-06,6,2,0.16103063543716767
2022-12-07,6,2,-1.2206436773877913
2022-12-08,6,2,-1.1927784614701917
2022-12-09,6,2,-1.0327383924442497
2022-12-12,6,2,-0.6012199285431369
2022-12-13,6,2,0.007681508199975595
2022-12-14,6,2,-0.688146020591045
2022-12-15,6,1,-1.6809693391426144
2022-12-16,6,2,-0.8085224656544185
2022-12-19,6,1,-1.4210502898695092
2022-12-20,38,13,0.09138309700961207
2022-12-21,6,1,-0.11016264758586751
2022-12-22,38,11,-1.2359612539452147
2022-12-23,6,1,-0.05221319893596943
2022-12-26,6,1,-0.1006410819521228
2022-12-27,6,3,1.8463984746786644
2022-12-28,5,3,1.3843647457284463
2022-12-29,5,3,1.7873944613415884
2022-12-30,5,2,1.5111585120132918
2023-01-02,6,3,1.4966824938351022
2023-01-03,6,3,1.0479308137499912
2023-01-04,6,4,1.6368354972532035
2023-01-05,38,6,0.6266830746572963
2023-01-06,6,2,-0.28680899543779237
2023-01-09,36,16,1.466300574802776
2023-01-10,36,18,1.4867897344064984
2023-01-11,36,14,1.1665785018248003
2023-01-12,36,17,1.458804215215997
2023-01-13,36,15,1.1818526217482819
2023-01-16,36,16,1.11734337343806
2023-01-17,36,16,1.2982797025977744
2023-01-18,6,2,1.3870049308611028
2023-01-19,36,18,1.537358181022856
2023-01-20,36,19,1.6715220957289452
2023-01-23,36,18,1.4030450703783546
2023-01-24,36,18,1.5554396755860687
2023-01-25,36,14,1.3078230418390167
2023-01-26,36,17,2.2791187460862825
2023-01-27,36,17,1.6709115308581244
2023-01-30,36,17,1.1653085837136414
2023-01-31,36,16,1.3116253296079112
2023-02-01,36,19,2.032378367143935
2023-02-02,6,1,-0.6970302866609118
2023-02-03,6,1,-1.4104496385548104
2023-02-06,38,3,-1.8933275300077614
2023-02-07,38,3,-6.630957653384924
2023-02-08,38,3,-6.6434127498045195
2023-02-09,38,0,-0.4014527743980919
2023-02-10,38,0,-0.8392592972090912
2023-02-13,38,1,-1.1501834167971774
2023-02-14,38,1,-1.112120256466787
2023-02-15,38,3,-1.1596707959547103
2023-02-16,38,1,-0.030460007487170048
2023-02-17,38,1,-0.480563412630235
2023-02-20,28,2,-0.1200982813234637
2023-02-21,27,2,-1.6382299876667976
2023-02-22,27,4,-1.993544007491295
2023-02-23,27,3,-1.7653236797788905
2023-02-24,27,4,-1.3481333678950815
2023-02-27,27,5,-2.401759838764016
2023-02-28,27,3,-2.5352808216189344
2023-03-01,28,1,0.08770632966643113
2023-03-02,27,2,-1.555047564644059
2023-03-03,27,2,-1.8916621743003843
2023-03-06,27,5,-0.0037529172478527073
2023-03-07,38,8,0.2859320875556368
2023-03-08,27,4,-0.8563137724437607
2023-03-09,38,3,-0.5408730814579567
2023-03-10,38,2,-0.3893948888105927
2023-03-13,38,4,-0.6419404357300124
2023-03-14,38,4,-0.6449247326206441
2023-03-15,38,0,-0.6788552690231734
2023-03-16,38,4,-0.639087500745217
2023-03-17,38,2,-0.37645008290968557
2023-03-20,38,2,-0.9161282124207965
2023-03-21,38,2,-0.9202575112089766
2023-03-22,38,3,-0.8138656651028605
2023-03-23,38,4,-0.630834928988752
2023-03-24,38,3,-0.8042725987882406
2023-03-27,38,3,-0.7916953470817895
2023-03-28,38,3,-0.8124280624668143
2023-03-29,38,0,-1.1862918424047546
2023-03-30,38,3,-0.2652769298349715
2023-03-31,38,3,0.2252032333705327
2023-04-03,38,7,0.2562211333995985
2023-04-04,38,11,0.09065322423193907
2023-04-05,38,4,0.30823271870691954
2023-04-06,38,5,0.43048299596165923
2023-04-07,38,3,0.4023225107854961
2023-04-10,38,7,0.14576237789345642
2023-04-11,38,5,0.31463954797101035
2023-04-12,38,12,0.08942102386757016
2023-04-13,38,14,0.03659989651080376
2023-04-14,38,2,0.12380923394594144
2023-04-17,38,6,0.32342091271119633
2023-04-18,38,6,0.3122323791647786
2023-04-19,38,13,0.027745944249547582
2023-04-20,38,4,0.15251932180026542
2023-04-21,38,3,-0.62572966478891
2023-04-24,38,5,-1.8105129388139356
2023-04-25,38,4,-0.9027226417461501
2023-04-26,38,8,-3.48816346254704
2023-04-27,38,6,-3.0477260436446505
2023-04-28,38,9,-3.7286053526850593
2023-05-01,38,9,-3.785241708668407
2023-05-02,38,9,-3.742206742224107
2023-05-03,38,9,-3.777378431926101
2023-05-04,38,9,-3.732527082009557
2023-05-05,38,9,-3.8461139922717917
2023-05-08,38,9,-3.741066716698814
2023-05-09,38,9,-3.7266557558305764
2023-05-10,38,8,-1.635793410540126
2023-05-11,38,9,-3.751571609321324
2023-05-12,38,9,-3.7643064141921725
2023-05-15,38,9,-0.9208624653250415
2023-05-16,38,5,-0.7662509040755072
2023-05-17,38,13,-2.7715961233089565
2023-05-18,38,10,-3.156270843642412
2023-05-19,38,8,-0.8476760542358125
2023-05-22,38,10,-4.215903709605093
2023-05-23,38,9,0.25109522531875916
2023-05-24,38,6,0.18344419942795476
2023-05-25,38,9,0.7814467039020988
2023-05-26,38,11,1.1153276156687233
2023-05-29,38,14,0.8081833221871946
2023-05-30,38,10,0.13048398589401264
2023-05-31,38,19,1.3544102730935026
2023-06-01,38,18,1.0189577597842245
2023-06-02,38,12,-0.09392030951757432
2023-06-05,38,10,0.48640894202959284
2023-06-06,38,17,1.3282011466447436
2023-06-07,38,20,1.596011528651793
2023-06-08,38,12,0.8624170376975749
2023-06-09,38,12,0.5175087480135284
2023-06-12,38,13,0.24798307229081495
2023-06-13,38,13,0.42414164083935996
2023-06-14,38,13,0.4539929932983939
2023-06-15,38,13,0.5013499908727701
2023-06-16,38,11,0.45469159495324
2023-06-19,38,16,0.39350625944055195
2023-06-20,38,11,-0.03803404686782113
2023-06-21,38,13,0.36219568131266355
2023-06-22,38,13,0.45314115849686476
2023-06-23,38,12,0.38098476955862026
2023-06-26,38,11,0.2904872565475894
2023-06-27,38,19,1.258374310070155
2023-06-28,38,18,1.229640664678618
2023-06-29,38,18,1.3724153764222125
2023-06-30,38,22,1.323973259121937
2023-07-03,38,20,1.4245396212828034
2023-07-04,38,19,0.6137522256757045
2023-07-05,38,16,0.9601093154885997
2023-07-06,38,23,1.368577017544334
2023-07-07,38,16,1.1843362659576697
2023-07-10,38,17,1.4011445328464063
2023-07-11,38,18,1.3290004549979442
2023-07-12,38,16,1.2751145526571812
2023-07-13,38,11,0.8717507400861194
2023-07-14,38,10,0.8026667240305916
2023-07-17,38,8,0.6971774271214964
2023-07-18,38,8,0.7469796554940394
2023-07-19,38,9,0.553429639470146
2023-07-20,38,9,0.7180396262034315
2023-07-21,38,13,1.152457623638902
2023-07-24,38,16,1.1813741996217324
2023-07-25,38,9,0.5116538105674442
2023-07-26,39,9,0.5006937764437214
2023-07-27,39,10,0.3071948046364253
2023-07-28,38,8,0.20034939636160004
2023-07-31,38,9,0.2896261047727055
2023-08-01,39,12,0.35582801908528866
2023-08-02,39,14,-0.763327535510316
2023-08-03,39,13,0.3233214351123451
2023-08-04,38,14,1.3153655434560958
2023-08-07,39,11,-0.1320892248984704
2023-08-08,39,4,-0.7806735692933418
2023-08-09,38,3,-0.8087598999458073
2023-08-10,27,2,-1.4538322368884133
2023-08-11,39,7,0.12127348148361328
2023-08-14,39,7,0.3211643826423906
2023-08-15,39,9,0.4964880396755728
2023-08-16,39,9,0.6145417019539271
2023-08-17,39,13,0.6333568344724512
2023-08-18,39,8,0.297591760631675
2023-08-21,39,9,0.322902228755187
2023-08-22,39,9,0.42965168632838274
2023-08-23,39,9,0.2794832400174923
2023-08-24,39,11,0.8872750707487813
2023-08-25,38,9,0.7922317698678242
2023-08-28,39,8,0.2515155443690537
2023-08-29,38,13,0.6379672484492144
2023-08-30,38,11,0.8406901927167734
2023-08-31,38,12,0.7137087485423859
2023-09-01,38,7,0.44673832245444683
2023-09-04,39,13,0.4743372341751838
2023-09-05,39,7,0.1863550717162808
2023-09-06,39,6,0.1622476938707329
2023-09-07,39,3,0.09093228702725112
2023-09-08,39,7,0.09615805701539948
2023-09-11,39,8,0.19270756478302312
2023-09-12,39,4,-0.11107982560919846
2023-09-13,39,5,0.2915999149479865
2023-09-14,39,5,0.34948745938950293
2023-09-15,39,4,0.31482363930017143
2023-09-18,39,12,0.4889911196618972
2023-09-19,40,9,0.4814838788344799
2023-09-20,40,11,0.5374040576437586
2023-09-21,40,13,0.6425428966711564
2023-09-22,39,11,0.7899729725729461
2023-09-25,40,12,0.8504014037564046
2023-09-26,40,14,0.6220859779034698
2023-09-27,40,11,0.3998246957541254
2023-09-28,40,16,0.6791430253020158
2023-09-29,40,18,0.6700995609099167
2023-10-02,40,21,1.1306300533396307
2023-10-03,40,21,1.0200279028928763
2023-10-04,40,21,1.047394999928926
2023-10-05,40,19,1.0646078840876902
2023-10-06,40,19,1.094888037033059
2023-10-09,40,18,1.142481027790366
2023-10-10,40,19,1.134021780815898
2023-10-11,40,13,0.8196347472427042
2023-10-12,40,11,0.7341205953874788
2023-10-13,40,17,1.1483546620726366
2023-10-16,41,20,1.2189351199941778
2023-10-17,41,13,1.0111943513276775
2023-10-18,41,17,1.1155558592896297
2023-10-19,41,18,1.098432955568397
2023-10-20,42,14,1.4921371211342058
2023-10-23,42,21,1.8778229986817467
2023-10-24,42,19,1.5009879587018087
2023-10-25,42,19,1.8237498877016383
2023-10-26,42,19,1.8999187973178897
2023-10-27,42,19,1.6932786361028662
2023-10-30,42,19,1.4303617653724046
2023-10-31,42,21,1.5424534127101834
2023-11-01,42,22,1.9235430901399866
2023-11-02,42,17,1.6522704960077952
2023-11-03,42,20,1.6275275170862544
2023-11-06,42,17,1.4071551223093346
2023-11-07,42,21,1.616313377048721
2023-11-08,42,16,1.3493552234056625
2023-11-09,41,8,0.709156309899323
2023-11-10,41,8,0.5651461621509805
2023-11-13,41,8,0.6570553679505542
2023-11-14,41,7,0.640109226151936
2023-11-15,39,10,0.5550699262988371
2023-11-16,41,9,0.6437928949674905
2023-11-17,41,10,0.7834039093284436
2023-11-20,40,9,0.28980659999073655
2023-11-21,40,9,0.33783528346311587
2023-11-22,42,24,2.1260717377840033
2023-11-23,42,25,1.8432046614669386
2023-11-24,42,28,2.529245709349832
2023-11-27,42,28,2.7267922194795853
2023-11-28,42,29,2.596937840298651
2023-11-29,42,29,2.755673858679249
2023-11-30,42,22,2.1863895764676253
2023-12-01,42,31,2.7696504088566605
2023-12-04,42,29,3.0223398884716794
2023-12-05,42,27,2.6155154876242537
2023-12-06,42,27,2.628799006932875
2023-12-07,42,24,2.504530838732739
2023-12-08,42,25,2.5556208598445465
2023-12-11,42,25,2.6656197345434114
2023-12-12,42,24,2.6096104276964325
2023-12-13,42,28,2.398859443738066
2023-12-14,42,26,2.577283147414201
2023-12-15,42,24,2.353312583906944
2023-12-18,42,26,2.479451752852417
2023-12-19,42,27,2.398753904738029
2023-12-20,42,26,2.356211593883821
2023-12-21,42,25,2.5354614656879697
2023-12-22,42,28,2.6654769577062325
2023-12-25,43,27,2.8105145351020773
2023-12-26,43,28,2.4187202090612687
2023-12-27,43,24,2.056194594792947
2023-12-28,43,17,1.4837601206337594
2023-12-29,43,21,1.4026531887999265
2024-01-01,43,25,2.149889845242221
2024-01-02,43,24,2.082696571633685
2024-01-03,43,25,2.2602587332862205
2024-01-04,43,27,2.1388737177804287
2024-01-05,43,26,2.013940203255419
2024-01-08,44,25,1.7881568903669829
2024-01-09,44,19,1.391083505404338
2024-01-10,44,18,1.3940356253424964
2024-01-11,44,22,1.4650819091875433
2024-01-12,43,24,2.0782194492640014
2024-01-15,43,25,2.1200147871443034
2024-01-16,43,24,1.9096613060476006
2024-01-17,44,22,1.4061563737124425
2024-01-18,44,21,1.1276179591756448
2024-01-19,43,26,1.9443075514151085
2024-01-22,44,10,0.739960288547973
2024-01-23,44,12,0.6452610147672737
2024-01-24,44,18,0.9875623389240289
2024-01-25,43,22,1.460736726750352
2024-01-26,43,26,2.2343697698745384
2024-01-29,43,26,1.9293847834733264
2024-01-30,43,26,2.1434797465409994
2024-01-31,43,23,1.7081715132152497
2024-02-01,44,15,0.5693495494740884
2024-02-02,44,15,0.6113925242015465
2024-02-05,44,16,0.6919787945909293
2024-02-06,43,8,1.0093884661153938
2024-02-07,43,9,0.4928353948619184
2024-02-08,43,24,1.4698491693329743
2024-02-09,43,27,1.8535743843992607
2024-02-12,43,20,1.4282551407612978
2024-02-13,43,19,1.4238060079062005
2024-02-14,43,11,0.5149907710909827
2024-02-15,43,11,0.5334574824202384
2024-02-16,43,9,0.292091645105928
2024-02-19,43,8,0.7091935479808592
2024-02-20,6,0,-1.3944529363087383
2024-02-21,38,6,-0.24010626513874547
2024-02-22,11,2,0.04557621262063482
2024-02-23,6,0,-1.0797207586093516
2024-02-26,27,3,-1.3170884976980946
2024-02-27,38,22,2.8751282651927523
2024-02-28,6,1,0.16263903854218462
2024-02-29,38,21,1.791252574614438
2024-03-01,27,8,0.804060737141693
2024-03-04,36,14,1.3773367562168877
2024-03-05,27,8,0.8412740791725342
2024-03-06,6,3,-0.057070029380039876
2024-03-07,27,3,-1.3619563131469856
2024-03-08,6,1,-0.45055263216572766
2024-03-11,28,6,0.4320468655308237
2024-03-12,28,5,0.49930627358362306
2024-03-13,28,4,-0.1592469538542283
2024-03-14,6,1,-0.9281687022588065
2024-03-15,28,2,0.4743231003162956
2024-03-18,6,1,-0.944973317105667
2024-03-19,28,7,0.9777787039577166
2024-03-20,6,1,-0.9510680052507255
2024-03-21,28,2,-0.06060646927659054
2024-03-22,44,21,3.1982663712989106
2024-03-25,40,10,0.09119383361628156
2024-03-26,6,0,-0.6499191703137682
2024-03-27,42,6,-0.1204278018107405
2024-03-28,6,1,-2.009802095706149
2024-03-29,6,1,-2.645552316169399
2024-04-01,6,2,-1.849894970229433
2024-04-02,6,2,-1.5607826472731006
2024-04-03,6,0,-1.57980184081684
2024-04-04,6,0,-1.013695185641975
2024-04-05,6,0,-1.3319866562752594
2024-04-08,6,1,-0.9968632638376139
2024-04-09,6,2,-2.3700214911487483
2024-04-10,6,2,-1.923235951885801
2024-04-11,44,6,-4.128496453889036
2024-04-12,44,6,-3.0958929648160383
2024-04-15,44,2,-3.28619036511784
2024-04-16,44,5,-4.659675324955824
2024-04-17,44,4,-4.251449946711536
2024-04-18,44,5,-4.3508867451066715
2024-04-19,44,4,-1.901954892290834
2024-04-22,44,5,-1.8456442485772901
2024-04-23,44,5,-2.4130429262914173
2024-04-24,44,2,-4.530190885708157
2024-04-25,44,2,-4.154383783232418
2024-04-26,44,0,0.00794879603790532
2024-04-29,40,2,-1.759146292184776
2024-04-30,44,1,-3.717674217793861
2024-05-01,44,5,-0.8903014529182124
2024-05-02,44,4,-0.4620218020530155
2024-05-03,44,5,-0.8962646529566598
2024-05-06,40,1,-1.2510379275919452
2024-05-07,44,4,-6.439583953298969
2024-05-08,44,5,-1.2504387968292956
2024-05-09,44,0,-0.8202390491283132
2024-05-10,44,1,0.10409225104533756
2024-05-13,44,5,0.2636390746753188
2024-05-14,44,7,0.30487097015108555
2024-05-15,44,12,0.42180109350320266
2024-05-16,44,6,0.23147642831510487
2024-05-17,44,8,0.27988898168057763
2024-05-20,44,14,0.6881480829181423
2024-05-21,44,10,0.3068991085223265
2024-05-22,44,14,0.6876710647401706
2024-05-23,44,8,0.2630935299826294
2024-05-24,44,14,0.5795089938704541
2024-05-27,44,6,0.2969790510855174
2024-05-28,44,3,-1.028266001181434
2024-05-29,44,0,-0.8178450365422409
2024-05-30,44,2,-1.2422278053068878
2024-05-31,44,6,-0.6309558755185981
2024-06-03,44,1,-1.4591356942485871
2024-06-04,44,0,-0.6175747904154535
2024-06-05,44,6,-1.2899384257032336
2024-06-06,44,1,-0.4993080516598825
2024-06-07,44,5,-1.706707690679942
2024-06-10,44,5,-1.706707690679942
2024-06-11,44,5,-1.7874818788468874
2024-06-12,44,4,-0.7553707738040623
2024-06-13,44,3,-0.9988725876269652
2024-06-14,44,8,-1.415219198608676
2024-06-17,44,5,-0.8510329699665738
2024-06-18,44,4,-0.7574454020356503
2024-06-19,44,6,-1.2506125815034523
2024-06-20,44,3,-0.9612639789872969
2024-06-21,44,2,-1.0140782687756964
2024-06-24,44,1,-1.287571262463941
2024-06-25,44,1,-1.241937112172672
2024-06-26,44,1,-1.3599181681052377
2024-06-27,44,1,-0.8309601736045955
2024-06-28,44,4,-1.3416248373501813
2024-07-01,44,3,-1.126605144656491
2024-07-02,44,4,-1.35660253627272
2024-07-03,44,6,-1.4139177869438866
2024-07-04,44,7,-1.535896954948692
2024-07-05,44,6,-1.3256579542104707
2024-07-08,44,8,-1.6854473857167618
2024-07-09,44,5,-0.44889826775420266
2024-07-10,44,9,-1.6176931861744557
2024-07-11,44,11,-1.1392521018862956
2024-07-12,44,11,-1.1298260179446673
2024-07-15,44,11,-1.1530860474970428
2024-07-16,44,12,-1.306655257370822
2024-07-17,44,7,-1.4666204034549282
2024-07-18,44,11,-2.0293929568232443
2024-07-19,44,10,-2.3429029973701496
2024-07-22,44,13,-2.051119565901061
2024-07-23,44,13,-2.1049263328723424
2024-07-24,44,13,-1.884172378681843
2024-07-25,44,12,-2.0949623608852708
2024-07-26,44,12,-1.2794472122537945
2024-07-29,44,13,-1.277004766272487
2024-07-30,44,13,-1.0138080430284293
2024-07-31,44,1,-0.052979894286819644
2024-08-01,44,12,-1.8729875175060953
2024-08-02,44,12,-0.8879823899455324
2024-08-05,44,12,-0.5806865420536242
2024-08-06,44,12,-0.6623126562832075
2024-08-07,44,12,-0.5707865184924432
2024-08-08,44,12,-0.3014648677837611
2024-08-09,44,10,-1.3794351466453803
2024-08-12,44,11,-0.11417917087026597
2024-08-13,44,8,-0.003659860540222447
2024-08-14,44,10,-0.7233870333423842
2024-08-15,44,5,-0.03897026391277014
2024-08-16,44,10,-0.9395569930261947
2024-08-19,44,7,-0.048311941921897146
2024-08-20,44,10,-0.608081408383303
2024-08-21,44,10,-0.5856068328647581
2024-08-22,44,10,-0.5562964750641612
2024-08-23,44,10,-0.5863703293429118
2024-08-26,44,10,-0.5863703293429119
2024-08-27,44,10,-0.5910837990706865
2024-08-28,44,11,-0.22514020967820836
2024-08-29,44,11,-0.22514020967820822
2024-08-30,44,10,-0.12930969562127606
2024-09-02,44,11,-0.22066105083737836
2024-09-03,44,9,0.06689769400995219
2024-09-04,44,11,-0.21502817638080066
2024-09-05,44,9,-0.20071426823122282
2024-09-06,44,10,-0.1618189338062179
2024-09-09,44,7,-0.08395159762130669
2024-09-10,44,11,-0.09632532065729905
2024-09-11,44,9,-0.18625123993218376
2024-09-12,44,10,-0.13805016747030616
2024-09-13,44,7,-0.26793704235842397
2024-09-16,44,9,-0.240788348294864
2024-09-17,44,10,-0.1080126986584661
2024-09-18,44,9,0.13058023663485577
2024-09-19,44,11,0.03910254755993432
2024-09-20,44,8,0.24945139808301012
2024-09-23,44,10,0.21651008408300196
2024-09-24,44,22,0.8807140462963357
2024-09-25,44,22,0.5276379813194352
2024-09-26,44,13,0.4234798176767519
2024-09-27,44,17,0.7083082651479947
2024-09-30,27,8,2.233125770590371
2024-10-01,27,7,0.1699892591627824
2024-10-02,27,8,0.33812819492305113
2024-10-03,27,11,0.35450139397908986
2024-10-04,27,12,0.47200970333976894
2024-10-07,27,12,0.8207791596233778
2024-10-08,27,16,0.5255745965512857
2024-10-09,27,12,1.073334173891241
2024-10-10,44,23,1.640359244834906
2024-10-11,44,23,1.1426210190789499
2024-10-14,44,21,1.3459108898656247
2024-10-15,44,17,2.146889224436573
2024-10-16,27,12,1.1417196162236594
2024-10-17,27,11,1.3391846244677623
2024-10-18,27,11,1.096235197006853
2024-10-21,27,11,1.0048727552265273
2024-10-22,27,11,1.1043634301864789
2024-10-23,27,12,1.0894708132341862
2024-10-24,27,12,1.015330823104388
2024-10-25,27,12,0.9728013399735971
2024-10-28,27,10,902108854480269.1
2024-10-29,27,10,902108854480269.1
2024-10-30,27,11,1.5402725953739305
2024-10-31,27,10,1.5580654567906285
2024-11-01,27,11,1.6770187098414022
2024-11-04,27,8,936162600712399.4
2024-11-05,44,11,-0.9494322747296071
2024-11-06,44,11,-0.7004147750275619
2024-11-07,44,5,-0.2698005284286999
2024-11-08,44,5,-0.33348751501145596
2024-11-11,44,12,-0.7009020464482802
2024-11-12,44,11,-1.1462100236010222
2024-11-13,44,10,-0.42278835114856217
2024-11-14,44,11,-0.5894523853373944
2024-11-15,44,10,-0.21888691033118432
2024-11-18,44,10,-0.13369515831015122
2024-11-19,44,13,-0.24201739167445757
2024-11-20,44,11,0.044588521114501914
2024-11-21,44,10,-0.20880504502952082
2024-11-22,44,8,-0.2714502178147398
2024-11-25,44,8,-0.44377525040079424
2024-11-26,44,8,-0.3876078990571479
2024-11-27,44,11,-0.6903289076260566
2024-11-28,44,10,-0.7232968535234205
2024-11-29,44,9,-0.3876392205289102
2024-12-02,44,9,-0.1578963963739556
2024-12-03,44,9,-0.2219861056249561
2024-12-04,44,8,0.003931410597965065
2024-12-05,44,11,-0.08694155839406713
2024-12-06,44,11,-0.012758060759200834
2024-12-09,44,6,0.3982595744298693
2024-12-10,44,10,0.5661371388043757
2024-12-11,44,14,0.6558023312834949
2024-12-12,44,7,0.07947496721229629
2024-12-13,44,11,0.7591603386845321
2024-12-16,44,14,0.9033654344857314
2024-12-17,44,22,1.3986155905887043
2024-12-18,44,20,1.3235545587961508
2024-12-19,44,20,1.5484699298925149
2024-12-20,44,12,0.212468447610137
2024-12-23,44,10,-0.20181398500728268
2024-12-24,44,11,0.6579519129790208
2024-12-25,44,12,0.7691292082052928
2024-12-26,44,12,0.7352234459815148
2024-12-27,44,14,0.8209533566909107
2024-12-30,44,15,0.7541587022280933
2024-12-31,44,12,0.3710670097129748
2025-01-01,44,12,0.2368505895083193
2025-01-02,44,9,-1.199971339996677
2025-01-03,44,9,-1.0505565442859968
2025-01-06,44,10,-1.1758281243177622
2025-01-07,44,10,-2.091628706452001
2025-01-08,44,10,-2.1152052510985686
2025-01-09,44,0,-0.8065574869336708
2025-01-10,44,0,-0.6170645558370512
2025-01-13,44,0,-0.5450613321193839
2025-01-14,44,8,-1.771131495966763
2025-01-15,44,8,-1.716587751144982
2025-01-16,44,7,-1.856537649876421
2025-01-17,44,8,-1.8500862330265604
2025-01-20,44,9,-1.845781325751233
2025-01-21,44,9,-1.845781325751233
2025-01-22,44,8,-1.6110753669731326
2025-01-23,44,7,-1.52522451425563
2025-01-24,44,14,0.28713113871128876
2025-01-27,44,7,-0.28541238131025415
2025-01-28,44,13,0.3076725828259507
2025-01-29,44,14,0.4082773541727032
2025-01-30,44,6,-0.2062924302405606
2025-01-31,44,6,-0.36177063557625505
2025-02-03,44,6,-0.634544339701316
2025-02-04,44,6,-0.6268624383778355
2025-02-05,44,8,-0.7686796359563491
2025-02-06,44,4,-0.07555295693788876
2025-02-07,44,14,0.35743510732273637
2025-02-10,44,16,0.5339049644208407
2025-02-11,44,9,0.12998606752466083
2025-02-12,44,10,0.12828701713670598
2025-02-13,44,10,0.16190816593417032
2025-02-14,44,11,0.22800773206339356
2025-02-17,44,10,0.05336451006360039
2025-02-18,44,9,-0.26248502669469587
2025-02-19,44,10,-0.06359147665833724
2025-02-20,44,8,-0.15931698299835823
2025-02-21,44,6,-0.23177358467582893
2025-02-24,44,9,-0.0888186544578301
2025-02-25,50,13,0.0768855217265396
2025-02-26,50,13,-0.3232251241544207
2025-02-27,50,13,-0.10173055693036213
2025-02-28,50,26,0.9863523253266231
2025-03-03,50,21,0.783888007777315
2025-03-04,50,26,1.231511874941022
2025-03-05,50,22,0.7048505662880514
2025-03-06,50,21,0.6169630826129883
2025-03-07,50,25,0.8194922316991226
2025-03-10,50,24,0.8818242937432569
2025-03-11,50,30,1.5806403594786458
2025-03-12,50,29,1.9180734050258372
2025-03-13,50,25,0.8414852666924777
2025-03-14,50,33,1.5541656780233764
2025-03-17,50,32,1.3716963550765686
2025-03-18,50,28,1.366966574552729
2025-03-19,50,29,1.6226781845405611
2025-03-20,50,28,1.6318096719360642
2025-03-21,50,23,1.451756841926498
2025-03-24,50,24,1.5562795141107322
2025-03-25,50,28,1.7871938362930475
2025-03-26,50,18,0.14129511692900115
2025-03-27,50,20,0.5008439241057939
2025-03-28,50,21,0.718221432101298
2025-03-31,50,21,0.7896265798095782
2025-04-01,50,18,0.3954563166723025
2025-04-02,50,19,0.4798897000527983
2025-04-03,50,17,0.2498965763199314
2025-04-04,50,17,0.2075805777166813
2025-04-07,50,12,0.3153805186280257
2025-04-08,50,9,0.32624174198618383
2025-04-09,50,12,0.3340354720675483
2025-04-10,50,13,0.5846626436756842
2025-04-11,50,10,0.4350548783800449
2025-04-14,50,10,0.43505487838004475
2025-04-15,50,11,0.549806004465495
2025-04-16,50,11,0.5498060044654949
2025-04-17,50,8,0.4898674324468532
2025-04-18,50,10,0.4079685355507069
2025-04-21,50,10,0.4682356961023626
2025-04-22,50,8,0.5075491124885767
2025-04-23,50,11,0.5021438774006544
2025-04-24,50,8,0.541243009292787
2025-04-25,50,19,0.9108197007878293
2025-04-28,50,19,0.9108197007878293
2025-04-29,50,18,1.077931530944897
2025-04-30,50,15,0.9503118941588388
2025-05-01,50,21,1.0395997882048182
2025-05-02,50,17,0.9150298377249649
2025-05-05,50,20,1.1889629537960906
2025-05-06,50,23,1.402149605468055
2025-05-07,50,25,1.4499429558225656
2025-05-08,50,23,1.4082587979822072
2025-05-09,50,20,0.9964264325140665
2025-05-12,50,29,1.7918574944218202
2025-05-13,50,29,1.7918574944218204
2025-05-14,50,24,1.5160316941407663
2025-05-15,50,21,1.3063387270767735
2025-05-16,50,22,1.3245792034239903
2025-05-19,50,22,1.502027150185054
2025-05-20,50,22,1.3245792034239903
2025-05-21,50,22,1.3245792034239903
2025-05-22,50,22,1.3245792034239903
2025-05-23,50,17,1.2779614831026516
2025-05-26,50,17,1.253212016750565
2025-05-27,50,18,1.3515547301030864
2025-05-28,50,17,1.2795719438835274
2025-05-29,50,15,0.5807926738065832
2025-05-30,50,11,0.5847046523095356
2025-06-02,50,11,0.5847046523095355
2025-06-03,50,12,0.5521826349741916
2025-06-04,50,11,0.5847046523095355
2025-06-05,50,14,0.5434225404695509
2025-06-06,50,11,0.5142977489388
2025-06-09,50,17,0.7424411304812777
2025-06-10,50,13,0.5780827156871414
2025-06-11,50,18,0.7643497549861675
2025-06-12,50,17,0.8261664376109542
2025-06-13,50,19,0.8888433599505032
2025-06-16,50,17,1.1290028115562134
2025-06-17,50,16,1.0340032711551037
2025-06-18,50,17,1.0101181843206655
2025-06-19,50,17,0.9139315254509022
2025-06-20,50,16,1.0027290758930394
2025-06-23,50,14,0.9418576662222593
2025-06-24,50,15,0.34143254427227243
2025-06-25,50,17,1.0178918616070367
2025-06-26,50,17,1.0502248710083395
2025-06-27,50,20,1.1937813112271052
2025-06-30,50,17,1.0502248710083395
2025-07-01,50,19,1.0880307213684894
2025-07-02,50,20,1.0894263950656902
2025-07-03,50,17,1.0715219554514939
2025-07-04,50,19,1.1740790245687283
2025-07-07,50,18,1.0831885366647467
2025-07-08,50,19,1.174079024568728
2025-07-09,50,19,1.229895389065194
2025-07-10,50,18,1.2569538780553702
2025-07-11,50,27,1.4979376761785699
2025-07-14,50,22,1.4102367957895827
2025-07-15,50,27,2.3022186141772463
2025-07-16,50,26,1.4812499248749131
2025-07-17,50,26,2.2306022775019354
2025-07-18,50,25,2.1602884612632773
2025-07-21,50,24,1.9479079598635998
2025-07-22,50,26,1.831584378699683
2025-07-23,50,26,1.9501558911271246
2025-07-24,50,23,1.676834658058383
2025-07-25,50,28,1.897298151658716
2025-07-28,50,24,1.836585132844356
2025-07-29,50,25,1.8806896608090558
2025-07-30,50,25,1.9517946396230994
2025-07-31,50,24,1.2822234182875625
2025-08-01,50,23,1.2415543025386917
2025-08-04,50,23,1.2876817524922317
2025-08-05,50,23,1.333051766595045
2025-08-06,50,22,1.235598456817666
2025-08-07,50,21,1.255962578591769
2025-08-08,50,23,1.4116159433039295
2025-08-11,50,20,1.239097046840104
2025-08-12,50,18,1.442921736679966
2025-08-13,50,23,1.3782891253999614
2025-08-14,50,20,1.5701563013571234
2025-08-15,50,22,1.5450891821206083
2025-08-18,50,21,1.4905613044132613
2025-08-19,50,20,1.5542473409368347
2025-08-20,50,24,2.0685016819083195
2025-08-21,50,23,2.0543582568511685
2025-08-22,50,26,2.0777824139404286
2025-08-25,50,24,2.0601530967333037
2025-08-26,50,23,2.0543582568511685
2025-08-27,50,25,2.118265305444364
2025-08-28,50,25,2.309458978568964
2025-08-29,50,26,2.4229205002802634
2025-09-01,50,28,2.06301809763165
2025-09-02,50,26,2.0827155581527252
2025-09-03,50,23,2.0836508292462503
2025-09-04,50,23,1.63019571691051
2025-09-05,50,22,1.7480858641746053
2025-09-08,50,22,1.6794916756115623
2025-09-09,50,24,1.49860209945555
2025-09-10,50,21,1.3548969850094137
2025-09-11,50,18,1.1206337687014112
2025-09-12,50,18,1.1449108158726304
2025-09-15,50,19,1.229195355693314
2025-09-16,50,21,1.2716922136803432
2025-09-17,50,14,1.0860718139648151
2025-09-18,50,12,0.662844994527243
2025-09-19,50,10,0.7520070996050827
2025-09-22,50,9,0.8321840245242178
2025-09-23,50,8,0.8767676092309454
2025-09-24,50,15,1.1264458553525103
2025-09-25,50,15,1.1295845842209093
2025-09-26,50,12,0.9449667068879885
2025-09-29,50,21,1.1130867249164187
2025-09-30,50,13,0.9260984898635607
2025-10-01,50,14,0.7929998100787007
2025-10-02,50,18,1.1043618681788925
2025-10-03,50,18,1.0906458210407457
2025-10-06,50,15,0.9348816895307291
2025-10-07,50,16,0.8737367368697637
2025-10-08,50,18,1.0959155685905098
2025-10-09,50,19,0.7972880183631833
2025-10-10,50,20,-1.409468265494354
2025-10-13,50,17,-0.3412478051154504
2025-10-14,50,17,-0.374113464197779
2025-10-15,50,17,-0.437704723435549
2025-10-16,50,19,-0.9156880402829205
2025-10-17,50,11,0.425154030766527
2025-10-20,50,11,0.23603194999389668
2025-10-21,50,12,-1.0529958296797122
2025-10-22,50,8,-0.5253341465004701
2025-10-23,50,10,-0.7802540609050338
2025-10-24,50,9,-1.3137253599649568
2025-10-27,50,6,-1.5116375208221493
2025-10-28,50,6,-1.5072940419555079
2025-10-29,50,6,-1.5113875315537888
2025-10-30,50,5,-1.460848442075993
2025-10-31,50,5,-1.4477146684253375
2025-11-03,50,4,-1.4205113524492632
2025-11-04,50,8,-1.2586516239422185
2025-11-05,50,5,-1.2418920890317382
2025-11-06,50,5,-1.2377737045354378
2025-11-07,50,7,-1.133363666593214
2025-11-10,50,7,-1.170434459015488
2025-11-11,50,5,-1.1998100268303054
2025-11-12,50,7,-1.1530042460814607
2025-11-13,50,7,-1.2257136860246647
2025-11-14,50,7,-1.1382794051693654
2025-11-17,50,8,0.11381606556622423
2025-11-18,50,13,0.9298390208738542
2025-11-19,50,12,0.5879189051939715
2025-11-20,50,10,0.9391675390509245
2025-11-21,50,23,1.7961796578395215
2025-11-24,50,23,1.7961796578395215
2025-11-25,50,24,1.6733760451591935
2025-11-26,50,22,1.7038615248403
2025-11-27,50,24,1.5830914021892935
2025-11-28,50,25,1.747333277929754
2025-12-01,50,15,0.5033718375719535
2025-12-02,50,15,0.4657943158085475
2025-12-03,50,22,1.395692186798636
2025-12-04,50,18,1.3296043229057446
2025-12-05,50,16,0.4141908060434885
2025-12-08,50,13,-0.08535217533325234
2025-12-09,50,14,0.021522000204916184
2025-12-10,50,15,-0.0024620941143455744
2025-12-11,50,14,-0.14751338770862316
2025-12-12,50,15,0.08269851604799844
2025-12-15,50,13,-0.07039333582687242
2025-12-16,50,15,-0.04833699404762519
2025-12-17,50,13,-0.20672440818161866
2025-12-18,50,16,-0.14770316805148584
2025-12-19,50,10,-0.2732858583926662
2025-12-22,50,12,-0.38787655079001687
2025-12-23,50,12,-0.38787655079001676
2025-12-24,50,9,-0.5190768893401642
2025-12-25,50,9,-0.5190768893401642
2025-12-26,50,9,-0.5190768893401642
2025-12-29,50,10,-0.34221240842140177
2025-12-30,50,9,-0.5190768893401642
2025-12-31,50,8,-0.4399867217373236
2026-01-01,50,12,-0.35033832096207446
2026-01-02,50,13,-0.4934391542292347
2026-01-05,50,6,-0.5524640130570998
2026-01-06,50,5,-0.7116741474525783
2026-01-07,50,5,-0.621687181103697
2026-01-08,50,8,-0.581417364511277
2026-01-09,50,9,-0.8499937769364663
2026-01-12,50,3,-0.7771408804135421
2026-01-13,50,5,-0.8249085940045566
2026-01-14,50,11,-1.051904366954247
2026-01-15,50,8,-0.9356551360852231
2026-01-16,50,12,-0.19057125091055394
2026-01-19,50,16,-0.08133362962023018
2026-01-20,50,13,0.025779541614555566
2026-01-21,50,13,0.0538813957070069
2026-01-22,50,11,0.10120983990914749
2026-01-23,50,16,0.4373947209018164
2026-01-26,50,19,0.7463017700245942
2026-01-27,50,22,0.9750373847204464
2026-01-28,50,24,1.18593677631579
2026-01-29,50,23,1.1783510265363522
2026-01-30,50,25,1.2819065395149898
2026-02-02,50,23,1.0171757001839574
2026-02-03,50,24,0.9474968566914512
2026-02-04,50,23,0.98968079454861
2026-02-05,50,23,0.98968079454861
2026-02-06,50,24,0.9613531613380046
2026-02-09,50,22,1.2182884587804867
2026-02-10,50,20,1.0114721790789096
2026-02-11,50,21,0.9544046489095172
2026-02-12,50,26,1.380325091720011
2026-02-13,50,26,1.30121355919619
2026-02-16,50,23,0.8612744372450223
2026-02-17,50,23,0.8612744372450222
2026-02-18,50,22,0.8336661448743147
2026-02-19,50,22,0.9676020416643183
2026-02-20,50,23,1.0283597757201204
2026-02-23,50,25,1.1406734010739514
2026-02-24,50,22,0.920750785079744
2026-02-25,50,25,1.413595652442958
2026-02-26,50,28,1.7667603651532418
2026-02-27,50,26,1.3062365705834482
2026-03-02,50,21,1.523810988890243
2026-03-03,50,24,1.2604294447187414
2026-03-04,50,25,1.4955122779787557
2026-03-05,50,19,0.7495597733400478
2026-03-06,50,18,0.7316771776144043
2026-03-09,50,17,0.44616431309529875
2026-03-10,50,18,0.5424942318706938
2026-03-11,50,19,0.7251913124642181
2026-03-12,50,16,0.3662007980283313
2026-03-13,50,16,0.4155724766319664
2026-03-16,50,26,1.3134334317410663
2026-03-17,50,25,1.312647162813671
2026-03-18,50,17,-0.18673493732920268
2026-03-19,50,17,-0.10580188953519969
2026-03-20,50,19,-0.47274339396488885
2026-03-23,50,18,-0.5221860553483726
2026-03-24,50,13,-0.9108672873447585
2026-03-25,50,12,-1.4026986386935318
2026-03-26,50,12,-1.4026986386935318
2026-03-27,50,12,-1.4026986386935318
2026-03-30,50,12,-1.4026986386935318
2026-03-31,50,12,-0.9261646373006671
2026-04-01,50,12,-1.4026986386935318
2026-04-02,50,12,-1.4026986386935318
