trade_date,nav,daily_return
2020-01-06,1080446.5372680617,
2020-01-07,1093532.5372680617,0.012111658974897743
2020-01-08,1088704.5372680617,-0.0044150492422124765
2020-01-09,1115681.5372680617,0.024778991063723055
2020-01-10,1135371.5372680617,0.017648405339945272
2020-01-13,1737214.1762547735,0.5300843109339075
2020-01-14,1718402.1762547735,-0.010828831733664779
2020-01-15,1726588.1762547735,0.004763727672785656
2020-01-16,1733231.1762547735,0.003847472194793866
2020-01-17,1722418.1762547735,-0.006238636915916307
2020-01-20,1958386.362940016,0.1369981981950119
2020-01-21,1928958.362940016,-0.015026656923724402
2020-01-22,1936502.362940016,0.003910919045708061
2020-01-23,1883993.362940016,-0.02711538132092972
2020-02-03,1189621.9391866843,-0.3685636252294162
2020-02-04,1162889.9391866843,-0.022471004543070272
2020-02-05,1167616.9391866843,0.004064873072430197
2020-02-06,1172956.9391866843,0.004573417720129758
2020-02-07,1168513.9391866843,-0.0037878628375571655
2020-02-10,1385457.2741496167,0.18565746431226193
2020-02-11,1399304.2741496167,0.009994534121233967
2020-02-12,1399346.2741496167,3.0014915823439736e-05
2020-02-13,1395098.2741496167,-0.003035703226909714
2020-02-14,1391458.2741496167,-0.0026091351895756176
2020-02-17,1120172.3523710398,-0.19496518639365745
2020-02-18,1135878.3523710398,0.014021056640753038
2020-02-19,1158705.3523710398,0.02009634214117284
2020-02-20,1182360.3523710398,0.02041502609062351
2020-02-21,1170508.3523710398,-0.010024016769703659
2020-02-24,1153075.2131731973,-0.014893647843288838
2020-02-25,1167112.2131731973,0.012173533729314068
2020-02-26,1136351.2131731973,-0.026356505957868093
2020-02-27,1149956.2131731973,0.011972530888587407
2020-02-28,1100079.2131731973,-0.043372955794872436
2020-03-02,1610470.0781172542,0.4639582848509842
2020-03-03,1634241.0781172542,0.014760286653564991
2020-03-04,1638924.0781172542,0.0028655502928582877
2020-03-05,1708367.0781172542,0.04237109023364516
2020-03-06,1680107.0781172542,-0.016542112267314724
2020-03-09,1203171.694079225,-0.28387201640295934
2020-03-10,1221492.694079225,0.015227253176048894
2020-03-11,1209627.694079225,-0.009713525146332502
2020-03-12,1182012.694079225,-0.022829338427986845
2020-03-13,1167057.694079225,-0.012652148386316453
2020-03-16,1133264.192972739,-0.028956152963070192
2020-03-17,1122936.192972739,-0.009113497156305606
2020-03-18,1103799.192972739,-0.017041930004356498
2020-03-19,1081963.192972739,-0.019782583769781148
2020-03-20,1102616.192972739,0.019088449712651556
2020-03-23,1101250.3985540608,-0.0012386852536564463
2020-03-24,1154036.3985540608,0.0479327862848522
2020-03-25,1183608.3985540608,0.025624841674882992
2020-03-26,1189859.3985540608,0.005281307574056093
2020-03-27,1216703.3985540608,0.022560648789782478
2020-03-30,1550500.8460220462,0.2743457837503147
2020-03-31,1559050.8460220462,0.005514347200735736
2020-04-01,1539781.8460220462,-0.012359442957980082
2020-04-02,1537647.8460220462,-0.0013859106116318465
2020-04-03,1532342.8460220462,-0.0034500747448280578
2020-04-07,1374316.502228857,-0.103127276120631
2020-04-08,1361123.502228857,-0.00959968098949815
2020-04-09,1380319.502228857,0.014103055283790411
2020-04-10,1368531.502228857,-0.008540051764077461
2020-04-13,1774520.555763145,0.29666036395440987
2020-04-14,1798569.555763145,0.01355239302351019
2020-04-15,1762914.555763145,-0.01982408736195429
2020-04-16,1752312.555763145,-0.00601390462478224
2020-04-17,1752652.555763145,0.00019402931222622932
2020-04-20,1528962.8943046895,-0.12762921020650086
2020-04-21,1510411.8943046895,-0.012133060958576247
2020-04-22,1534763.8943046895,0.016122754390258676
2020-04-23,1541895.8943046895,0.004646968844175925
2020-04-24,1553175.8943046895,0.007315669003118197
2020-04-27,1514338.2620826275,-0.02500530195226114
2020-04-28,1534216.2620826275,0.013126525623583074
2020-04-29,1511985.2620826275,-0.01449013450673664
2020-04-30,1514201.2620826275,0.0014656227514728837
2020-05-06,1266007.5358096685,-0.16391065870041222
2020-05-07,1269320.5358096685,0.0026168880565795583
2020-05-08,1277313.5358096685,0.006297069790099474
2020-05-11,1459289.8297795248,0.142467991505707
2020-05-12,1471376.8297795248,0.008282796024026373
2020-05-13,1504104.8297795248,0.022243112258947262
2020-05-14,1527586.8297795248,0.015611943752246393
2020-05-15,1526875.8297795248,-0.0004654399908008422
2020-05-18,1246134.3283398557,-0.18386662226502548
2020-05-19,1266306.3283398557,0.016187660945729654
2020-05-20,1261648.3283398557,-0.0036784148477775336
2020-05-21,1273069.3283398557,0.009052443334212068
2020-05-22,1237615.3283398557,-0.02784922958299041
2020-05-25,1573922.6400353238,0.27173815966435444
2020-05-26,1578974.6400353238,0.0032098146830690233
2020-05-27,1581778.6400353238,0.0017758359943875757
2020-05-28,1602623.6400353238,0.013178202987704113
2020-05-29,1642047.6400353238,0.024599662088555574
2020-06-01,1354288.6706103298,-0.17524398343205416
2020-06-02,1323790.6706103298,-0.02251957109428937
2020-06-03,1326516.6706103298,0.0020592379599888577
2020-06-04,1357622.6706103298,0.023449384911000237
2020-06-05,1353868.6706103298,-0.0027651276612170594
2020-06-08,1313209.641038892,-0.0300317382727443
2020-06-09,1312343.641038892,-0.0006594529715110431
2020-06-10,1326828.641038892,0.011037505381237711
2020-06-11,1308630.641038892,-0.013715410895676183
2020-06-12,1310725.641038892,0.001600910092046215
2020-06-15,1373631.645894284,0.04799326639061707
2020-06-16,1433555.645894284,0.04362450455994504
2020-06-17,1422963.645894284,-0.007388621453471744
2020-06-18,1428301.645894284,0.0037513256332315503
2020-06-19,1459584.645894284,0.021902236190740387
2020-06-22,1413237.553544466,-0.031753617359698394
2020-06-23,1473886.553544466,0.042914936592145736
2020-06-24,1445178.553544466,-0.019477754194148655
2020-06-29,2190516.949006818,0.5157413896257483
2020-06-30,2232208.949006818,0.019032950198766274
2020-07-01,2292222.949006818,0.026885475943773995
2020-07-02,2278353.949006818,-0.0060504585760339236
2020-07-03,2244058.949006818,-0.015052533876463658
2020-07-06,1364680.9398298818,-0.39186938897756396
2020-07-07,1408166.9398298818,0.03186532377701479
2020-07-08,1414602.9398298818,0.004570480827207568
2020-07-09,1426616.9398298818,0.00849284252261251
2020-07-10,1434552.9398298818,0.005562810715640465
2020-07-13,2041864.1715073842,0.42334529093748263
2020-07-14,2053506.1715073842,0.005701652520503142
2020-07-15,2082180.1715073842,0.013963435025350579
2020-07-16,1948614.1715073842,-0.06414718660167895
2020-07-17,1930985.1715073842,-0.009046942313040263
2020-07-20,1498219.8866112637,-0.22411631703949908
2020-07-21,1532389.8866112637,0.022807066109159058
2020-07-22,1553705.8866112637,0.013910298016347689
2020-07-23,1569700.8866112637,0.010294741197696133
2020-07-24,1505830.8866112637,-0.04068928070613842
2020-07-27,1927751.9834101903,0.2801915544104836
2020-07-28,1969302.9834101903,0.02155412125500522
2020-07-29,1979301.9834101903,0.005077430991692777
2020-07-30,2002020.9834101903,0.011478288907111
2020-07-31,2003008.9834101903,0.0004935013210085604
2020-08-03,2036488.4664722343,0.016714594562149188
2020-08-04,2029440.4664722343,-0.0034608592761682377
2020-08-05,2039314.4664722343,0.004865380464776026
2020-08-06,2006639.4664722343,-0.016022541171163196
2020-08-07,1984957.4664722343,-0.01080512985131199
2020-08-10,1579991.9245043183,-0.20401723906338465
2020-08-11,1568078.9245043183,-0.007539911954763556
2020-08-12,1532827.9245043183,-0.022480373563558476
2020-08-13,1534340.9245043183,0.000987064481154487
2020-08-14,1578651.9245043183,0.02887950082822366
2020-08-17,1710543.5798615129,0.08354701458246239
2020-08-18,1716384.5798615129,0.0034147039974701254
2020-08-19,1716933.5798615129,0.0003198583851435899
2020-08-20,1685700.5798615129,-0.018191152160073165
2020-08-21,1703475.5798615129,0.010544577259064658
2020-08-24,2135635.119712351,0.25369282950681993
2020-08-25,2161035.119712351,0.011893417450178134
2020-08-26,2149729.119712351,-0.0052317520880942325
2020-08-27,2167971.119712351,0.008485720285745124
2020-08-28,2218482.119712351,0.0232987421007258
2020-08-31,1545061.6557903737,-0.30355009758171647
2020-09-01,1523877.6557903737,-0.013710779709411258
2020-09-02,1514914.6557903737,-0.00588170576945124
2020-09-03,1523781.6557903737,0.005853135004079801
2020-09-04,1486764.6557903737,-0.024292850527065535
2020-09-07,1624785.7021915936,0.09283315006425608
2020-09-08,1586399.7021915936,-0.023625269442131946
2020-09-09,1562893.7021915936,-0.01481719894899547
2020-09-10,1586138.7021915936,0.014873052445860013
2020-09-11,1635433.7021915936,0.031078618743674902
2020-09-14,1832978.0051097646,0.12079016266660525
2020-09-15,1828872.0051097646,-0.0022400705237890506
2020-09-16,1808454.0051097646,-0.011164258593796217
2020-09-17,1772169.0051097646,-0.02006409889191385
2020-09-18,1784532.0051097646,0.006976196945298829
2020-09-21,1365910.6047600086,-0.2345832964335134
2020-09-22,1370981.6047600086,0.003712541642423961
2020-09-23,1375231.6047600086,0.0030999686540242877
2020-09-24,1365511.6047600086,-0.00706790039318228
2020-09-25,1363698.6047600086,-0.0013277075007492867
2020-09-28,1538219.8600065433,0.12797641255726577
2020-09-29,1539759.8600065433,0.0010011572727928186
2020-09-30,1549667.8600065433,0.00643476963996048
2020-10-09,1502302.1402579413,-0.030565078473268503
2020-10-12,1986780.2086603858,0.32249043346184725
2020-10-13,2007760.2086603858,0.010559799170813289
2020-10-14,2023943.2086603858,0.008060225484196382
2020-10-15,2043910.2086603858,0.009865395389831999
2020-10-16,2023215.2086603858,-0.010125200173819682
2020-10-19,1570512.4253634633,-0.22375414209972588
2020-10-20,1625533.4253634633,0.035033788406523714
2020-10-21,1642540.4253634633,0.010462411744130984
2020-10-22,1691431.4253634633,0.02976547745494984
2020-10-23,1698471.4253634633,0.004162155139388668
2020-10-26,1841596.4183833061,0.0842669419588351
2020-10-27,1839323.4183833061,-0.0012342552240600657
2020-10-28,1882977.4183833061,0.02373372706708099
2020-10-29,1933076.4183833061,0.026606267027362573
2020-10-30,1914236.4183833061,-0.00974612271963693
2020-11-02,2780251.908950124,0.4524078020092328
2020-11-03,2828098.908950124,0.017209591636632604
2020-11-04,2861081.908950124,0.011662604831683243
2020-11-05,2906690.908950124,0.015941172413598048
2020-11-06,2867959.908950124,-0.013324774189351074
2020-11-09,2671860.9151905673,-0.06837577929439842
2020-11-10,2697761.9151905673,0.009693992622423764
2020-11-11,2775125.9151905673,0.028677104367282658
2020-11-12,2920372.9151905673,0.05233888639248496
2020-11-13,2769801.9151905673,-0.051558826346043696
2020-11-16,2417976.4881575503,-0.12702187297347245
2020-11-17,2401045.4881575503,-0.007002135911131635
2020-11-18,2349953.4881575503,-0.021279063746187377
2020-11-19,2408928.4881575503,0.025096241392521534
2020-11-20,2499605.4881575503,0.03764204726116782
2020-11-23,2555768.949220247,0.02246893012868778
2020-11-24,2501612.949220247,-0.021189708880578917
2020-11-25,2349944.949220247,-0.06062808399168018
2020-11-26,2394220.949220247,0.018841292437378865
2020-11-27,2338947.949220247,-0.023086006334545384
2020-11-30,2771823.8116592583,0.18507289252987547
2020-12-01,2748968.8116592583,-0.008245473577311757
2020-12-02,2698667.8116592583,-0.018298134117294196
2020-12-03,2698856.8116592583,7.003455526599645e-05
2020-12-04,2799145.8116592583,0.037159807651426346
2020-12-07,3286091.8814679584,0.17396238087363214
2020-12-08,3307992.8814679584,0.00666475582241377
2020-12-09,3381700.8814679584,0.022281789181871403
2020-12-10,3432977.8814679584,0.015163079703767623
2020-12-11,3455823.8814679584,0.006654863733124516
2020-12-14,2287763.8248456707,-0.3379975648892505
2020-12-15,2346029.8248456707,0.025468538040167132
2020-12-16,2453672.8248456707,0.04588304839947255
2020-12-17,2479352.8248456707,0.010465943030369296
2020-12-18,2554214.8248456707,0.030194169724375497
2020-12-21,3406740.0535745695,0.33377193665783755
2020-12-22,3469768.0535745695,0.018500971312403802
2020-12-23,3489677.0535745695,0.005737847513896499
2020-12-24,3359135.0535745695,-0.037408046072997636
2020-12-25,3320063.0535745695,-0.011631565678915545
2020-12-28,2525432.6754368297,-0.23934195384698953
2020-12-29,2511860.6754368297,-0.005374128612497087
2020-12-30,2590137.6754368297,0.031162954524293962
2020-12-31,2578460.6754368297,-0.004508254565283143
2021-01-04,3404087.3644225416,0.32020138870096915
2021-01-05,3456796.3644225416,0.015484032681088777
2021-01-06,3427021.3644225416,-0.008613466591913088
2021-01-07,3438011.3644225416,0.0032068664975632988
2021-01-08,3427199.3644225416,-0.00314484126256398
2021-01-11,4120580.080011051,0.20231700635406114
2021-01-12,4213021.080011051,0.022433977305387653
2021-01-13,4193124.080011051,-0.0047227392462864115
2021-01-14,4044995.080011051,-0.03532664361308613
2021-01-15,3977112.080011051,-0.016781973440574527
2021-01-18,3420897.1377454503,-0.13985397722662507
2021-01-19,3402813.1377454503,-0.0052863325823114815
2021-01-20,3396304.1377454503,-0.0019128291024268496
2021-01-21,3464156.1377454503,0.01997818724357292
2021-01-22,3433223.1377454503,-0.008929447394981471
2021-01-25,3626737.615249958,0.05636524913774932
2021-01-26,3533383.615249958,-0.025740489085137708
2021-01-27,3486080.615249958,-0.013387450996218409
2021-01-28,3453694.615249958,-0.00929008923612562
2021-01-29,3524030.615249958,0.02036543696985471
2021-02-01,2960557.8689661226,-0.1598943958788135
2021-02-02,3068735.8689661226,0.036539735005341356
2021-02-03,3104143.8689661226,0.011538301604278933
2021-02-04,3086089.8689661226,-0.005816096405999782
2021-02-05,3060481.8689661226,-0.008297878897667643
2021-02-08,4068006.658463389,0.3292046261452364
2021-02-09,4108531.658463389,0.009961881432934305
2021-02-10,4194784.658463389,0.020993631586681882
2021-02-18,2610439.316501201,-0.37769408228515755
2021-02-19,2597128.316501201,-0.0050991417099252034
2021-02-22,3454561.360233477,0.33014658470452174
2021-02-23,3468839.360233477,0.004133086233279348
2021-02-24,3426244.360233477,-0.012279323305744883
2021-02-25,3376892.360233477,-0.014404109809796783
2021-02-26,3396433.360233477,0.005786681337585975
2021-03-01,2473862.914485979,-0.2716291909475529
2021-03-02,2401623.914485979,-0.02920089046850438
2021-03-03,2418676.914485979,0.007100612172097565
2021-03-04,2321883.914485979,-0.04001898700082085
2021-03-05,2322983.914485979,0.0004737532282028667
2021-03-08,2322279.54627066,-0.00030321700074043
2021-03-09,2307690.54627066,-0.006282189421781048
2021-03-10,2313532.54627066,0.0025315352656103407
2021-03-11,2326054.54627066,0.0054125022015294455
2021-03-12,2297866.54627066,-0.012118374457380399
2021-03-15,2010646.4137642705,-0.12499426173053252
2021-03-16,2052406.4137642705,0.02076943997419134
2021-03-17,2055831.4137642705,0.0016687728010547076
2021-03-18,2108254.4137642705,0.025499658993930918
2021-03-19,2094423.4137642705,-0.006560403673152915
2021-03-22,1953616.3509836155,-0.0672295114040885
2021-03-23,1966212.3509836155,0.0064475299838979705
2021-03-24,2023138.3509836155,0.028952111897538657
2021-03-25,1995362.3509836155,-0.013729164882122724
2021-03-26,2042055.3509836155,0.023400762261041264
2021-03-29,3799702.347947023,0.8607244637696942
2021-03-30,3787680.347947023,-0.003163932039701889
2021-03-31,3756004.347947023,-0.008362902116903492
2021-04-01,3807609.347947023,0.013739334468078068
2021-04-02,3921279.347947023,0.02985337770044305
2021-04-06,3289477.2121263794,-0.16112142996173484
2021-04-07,3186480.2121263794,-0.03131105441931936
2021-04-08,3281191.2121263794,0.029722764208473862
2021-04-09,3197181.2121263794,-0.025603506339259452
2021-04-12,2127200.7275560577,-0.33466369704415333
2021-04-13,2159106.7275560577,0.014999054666861023
2021-04-14,2206317.7275560577,0.021865987168424583
2021-04-15,2234290.7275560577,0.012678590962048597
2021-04-16,2321972.7275560577,0.03924377383775357
2021-04-19,3016267.109572994,0.2990105670826293
2021-04-20,3096172.109572994,0.026491354080147023
2021-04-21,3197417.109572994,0.03270005555794597
2021-04-22,3227170.109572994,0.009305323322040149
2021-04-23,3182904.109572994,-0.01371666150126094
2021-04-26,4630746.512512894,0.4548809367474589
2021-04-27,4657504.512512894,0.005778333995975826
2021-04-28,4735169.512512894,0.016675238808968373
2021-04-29,4768343.512512894,0.007005873794451611
2021-04-30,4772443.512512894,0.0008598373815227323
2021-05-06,3347456.324702594,-0.29858649642978885
2021-05-07,3291397.324702594,-0.016746745756266335
2021-05-10,2637704.781592938,-0.19860639072759856
2021-05-11,2668156.781592938,0.011544885618931744
2021-05-12,2679636.781592938,0.004302595739200221
2021-05-13,2687979.781592938,0.003113481669347884
2021-05-14,2748302.781592938,0.022441761062745647
2021-05-17,3141174.2584219086,0.14295058006718575
2021-05-18,3177358.2584219086,0.011519259048741404
2021-05-19,3108060.2584219086,-0.021809942211054922
2021-05-20,3163571.2584219086,0.017860335831514806
2021-05-21,3169014.2584219086,0.0017205239128121885
2021-05-24,4183512.673181737,0.3201305933110643
2021-05-25,4201006.673181737,0.004181653401493124
2021-05-26,4193852.673181737,-0.0017029251692622926
2021-05-27,4194326.673181737,0.00011302256825351797
2021-05-28,4196003.673181737,0.0003998257958119922
2021-05-31,4293963.659302393,0.023346020106406407
2021-06-01,4411596.659302393,0.027394968689397503
2021-06-02,4417864.659302393,0.0014208007857616778
2021-06-03,4449504.659302393,0.007161830983974937
2021-06-04,4554054.659302393,0.023496997532393094
2021-06-07,4180035.4281358384,-0.08212884103236662
2021-06-08,3943687.4281358384,-0.0565421045020672
2021-06-09,3924073.4281358384,-0.00497351789598377
2021-06-10,3840220.4281358384,-0.021368866188580693
2021-06-11,3787411.4281358384,-0.01375155436731923
2021-06-15,3284709.4113448504,-0.13272970901881065
2021-06-16,3254042.4113448504,-0.009336290112629486
2021-06-17,3410879.4113448504,0.04819758939010921
2021-06-18,3395322.4113448504,-0.0045609938446536935
2021-06-21,4109432.690502147,0.21032178763678755
2021-06-22,4123165.690502147,0.0033418238073932294
2021-06-23,4063138.690502147,-0.014558473878038436
2021-06-24,3995370.690502147,-0.016678731680612402
2021-06-25,4016422.690502147,0.0052690980714367175
2021-06-28,3544059.0023091026,-0.11760806184818862
2021-06-29,3524727.0023091026,-0.005454762459486284
2021-06-30,3549857.0023091026,0.007129630176617052
2021-07-01,3578973.0023091026,0.008202020526759446
2021-07-02,3468982.0023091026,-0.0307325592925779
2021-07-05,2808206.6002071407,-0.19048106956511202
2021-07-06,2744337.6002071407,-0.02274369698984713
2021-07-07,2787643.6002071407,0.015780128507779434
2021-07-08,2724842.6002071407,-0.022528346161372115
2021-07-09,2601229.6002071407,-0.04536518916380827
2021-07-12,3151777.5307448,0.21164911028761857
2021-07-13,3203471.5307448,0.016401538336934696
2021-07-14,3244888.5307448,0.012928786662377734
2021-07-15,3331123.5307448,0.026575643256443904
2021-07-16,3260307.5307448,-0.021258893387290922
2021-07-19,2993392.7845428484,-0.08186796603846025
2021-07-20,3015263.7845428484,0.007306425041490261
2021-07-21,3044714.7845428484,0.009767304655391884
2021-07-22,2984843.7845428484,-0.019663910821449693
2021-07-23,2881471.7845428484,-0.03463229819105329
2021-07-26,2318231.1690163934,-0.19546976602299593
2021-07-27,2240348.1690163934,-0.033595873026349254
2021-07-28,2302555.1690163934,0.027766666297815323
2021-07-29,2236420.1690163934,-0.02872243883226977
2021-07-30,2081645.1690163936,-0.06920658387197065
2021-08-02,3510855.4559437777,0.6865772842557534
2021-08-03,3534815.4559437777,0.0068245475499244534
2021-08-04,3545456.4559437777,0.0030103410298569777
2021-08-05,3526732.4559437777,-0.005281125359362426
2021-08-06,3530474.4559437777,0.0010610388076626176
2021-08-09,2335905.262690783,-0.3383593928124481
2021-08-10,2474966.262690783,0.05953195201067896
2021-08-11,2443152.262690783,-0.012854316634365648
2021-08-12,2353438.262690783,-0.036720593051041694
2021-08-13,2327984.262690783,-0.010815665064822011
2021-08-16,2977783.986541763,0.27912547961123835
2021-08-17,2853033.986541763,-0.04189356936695665
2021-08-18,2855578.986541763,0.0008920328366242014
2021-08-19,2837509.986541763,-0.00632761344902677
2021-08-20,2737821.986541763,-0.03513221115443388
2021-08-23,2082043.6100681375,-0.23952557167603206
2021-08-24,2142350.6100681378,0.028965291460934628
2021-08-25,2166737.6100681378,0.011383290804685142
2021-08-26,2097628.6100681378,-0.0318954171833602
2021-08-27,2080179.6100681375,-0.008318441079726457
2021-08-30,2538195.509572786,0.2201809388419329
2021-08-31,2512264.509572786,-0.010216313086285678
2021-09-01,2612263.509572786,0.03980432777637932
2021-09-02,2613429.509572786,0.0004463561948200301
2021-09-03,2624226.509572786,0.004131353059438458
2021-09-06,2244544.6602897886,-0.14468333731786287
2021-09-07,2268940.6602897886,0.010869019641984057
2021-09-08,2234079.6602897886,-0.015364438837086047
2021-09-09,2213743.6602897886,-0.009102629759120684
2021-09-10,2227370.6602897886,0.0061556359231838
2021-09-13,4141429.5954880803,0.8593356145533793
2021-09-14,4144578.5954880803,0.0007603654553081096
2021-09-15,4101795.5954880803,-0.010322641738915284
2021-09-16,4134183.5954880803,0.007896054117281226
2021-09-17,4246495.595488081,0.027166669647321395
2021-09-22,2615520.1818927685,-0.3840756164514171
2021-09-23,2628373.1818927685,0.0049141276328055206
2021-09-24,2700045.1818927685,0.02726857833345675
2021-09-27,2443379.730361292,-0.09505968761291261
2021-09-28,2340817.730361292,-0.04197546485532755
2021-09-29,2320703.730361292,-0.008592723704675453
2021-09-30,2327723.730361292,0.003024944506340388
2021-10-08,3097168.362621558,0.33055668171619246
2021-10-11,2795567.8801584044,-0.09737942764205032
2021-10-12,2779011.8801584044,-0.005922231442672676
2021-10-13,2867310.8801584044,0.03177352375872777
2021-10-14,2843683.8801584044,-0.008240124976854557
2021-10-15,2792704.8801584044,-0.017927098140444575
2021-10-18,3039861.4305894757,0.08850077650061339
2021-10-19,3104158.4305894757,0.021151293066517196
2021-10-20,3107412.4305894757,0.0010482712376835845
2021-10-21,3118016.4305894757,0.0034124855444401803
2021-10-22,3148508.4305894757,0.009779294201549549
2021-10-25,2380411.2350625643,-0.24395589608858226
2021-10-26,2388018.2350625643,0.003195666315110479
2021-10-27,2334720.2350625643,-0.022318925047322247
2021-10-28,2391481.2350625643,0.024311692316522526
2021-10-29,2384690.2350625643,-0.0028396626745107456
2021-11-01,2988579.625774081,0.25323598924187873
2021-11-02,2969979.625774081,-0.006223692298371497
2021-11-03,2937602.625774081,-0.010901421585194027
2021-11-04,3013365.625774081,0.025790758537341585
2021-11-05,3018041.625774081,0.0015517532821125446
2021-11-08,2642419.9597325004,-0.12445874266072765
2021-11-09,2613889.9597325004,-0.010796921168763851
2021-11-10,2570121.9597325004,-0.016744392715169698
2021-11-11,2575435.9597325004,0.0020676061615976238
2021-11-12,2533041.9597325004,-0.016460902411412848
2021-11-15,3184643.143021653,0.25724058015918705
2021-11-16,3237840.143021653,0.016704226379827825
2021-11-17,3230511.143021653,-0.0022635459677636804
2021-11-18,3246983.143021653,0.005098883511230667
2021-11-19,3275731.143021653,0.008853757082719849
2021-11-22,2952436.005636895,-0.09869403906162422
2021-11-23,2980765.005636895,0.009595127530592773
2021-11-24,3003664.005636895,0.0076822560506097926
2021-11-25,3004369.005636895,0.00023471333633762193
2021-11-26,2967728.005636895,-0.012195905340273816
2021-11-29,3970299.911702266,0.3378247279269153
2021-11-30,3914459.911702266,-0.014064428693513653
2021-12-01,3949870.911702266,0.009046203256326324
2021-12-02,3970298.911702266,0.005171814587529466
2021-12-03,4035583.911702266,0.016443346320242025
2021-12-06,2621509.0009093652,-0.35040156312755844
2021-12-07,2635303.0009093652,0.005261854906931429
2021-12-08,2650811.0009093652,0.005884712306193585
2021-12-09,2714817.0009093652,0.02414581800741078
2021-12-10,2739337.0009093652,0.009031916328720024
2021-12-13,2721425.3963144766,-0.006538664132577532
2021-12-14,2733451.3963144766,0.004419007780366302
2021-12-15,2698503.3963144766,-0.012785301413122063
2021-12-16,2681494.3963144766,-0.0063031234362092015
2021-12-17,2643609.3963144766,-0.014128315931620117
2021-12-20,2950710.2007828173,0.11616723896369785
2021-12-21,2950017.2007828173,-0.00023485871293493776
2021-12-22,2992741.2007828173,0.014482627419481808
2021-12-23,3061387.2007828173,0.02293749956796942
2021-12-24,3060085.2007828173,-0.0004252973944841587
2021-12-27,2898556.7698988966,-0.05278559918612702
2021-12-28,2942783.7698988966,0.01525828317709399
2021-12-29,2829334.7698988966,-0.038551592257795364
2021-12-30,2838011.7698988966,0.003066798631365275
2021-12-31,2825040.7698988966,-0.004570453208677883
2022-01-04,2591764.0519009824,-0.08257463767726891
2022-01-05,2579022.0519009824,-0.0049163425932442495
2022-01-06,2552193.0519009824,-0.010402780379572318
2022-01-07,2492973.0519009824,-0.02320357386597005
2022-01-10,2281444.7858131365,-0.0848498004928484
2022-01-11,2261595.7858131365,-0.0087001886363538
2022-01-12,2274811.7858131365,0.005843661401786937
2022-01-13,2225318.7858131365,-0.02175696482173295
2022-01-14,2213130.7858131365,-0.005476968098998225
2022-01-17,2795573.563029509,0.26317594104696096
2022-01-18,2808486.563029509,0.004619087893364737
2022-01-19,2788613.563029509,-0.007076053081971345
2022-01-20,2788508.563029509,-3.765311959746942e-05
2022-01-21,2769901.563029509,-0.006672742643395346
2022-01-24,3160603.276338622,0.14105256248954667
2022-01-25,3121792.276338622,-0.012279617720627134
2022-01-26,3123300.276338622,0.0004830558430903853
2022-01-27,3071869.276338622,-0.016466876524690588
2022-01-28,3037580.276338622,-0.011162258844839013
2022-02-07,2126293.613035495,-0.3000041415865248
2022-02-08,2058208.613035495,-0.03202050722562344
2022-02-09,2192760.613035495,0.06537335387084964
2022-02-10,2189868.613035495,-0.0013188854190501198
2022-02-11,2188148.613035495,-0.0007854352492937533
2022-02-14,2546637.9746910846,0.16383227332913086
2022-02-15,2586506.9746910846,0.015655542875047335
2022-02-16,2579636.9746910846,-0.002656091813098782
2022-02-17,2563461.9746910846,-0.006270262117768377
2022-02-18,2596353.9746910846,0.012831085588450586
2022-02-21,2627766.9053654056,0.012098862859429182
2022-02-22,2621235.9053654056,-0.0024853802621019883
2022-02-23,2665207.9053654056,0.016775292872340808
2022-02-24,2580619.9053654056,-0.03173786173668236
2022-02-25,2591966.9053654056,0.004397005532046139
2022-02-28,2786742.23496892,0.07514576254825123
2022-03-01,2856161.23496892,0.024910448885048897
2022-03-02,2851084.23496892,-0.0017775607125538606
2022-03-03,2789778.23496892,-0.021502696850578373
2022-03-04,2791737.23496892,0.0007022063529797951
2022-03-07,2963902.650453047,0.06166963470902864
2022-03-08,2957102.650453047,-0.0022942723840678747
2022-03-09,2980603.650453047,0.007947306122903619
2022-03-10,3051873.650453047,0.023911263743224387
2022-03-11,3085210.650453047,0.010923453529949168
2022-03-14,2644659.073072623,-0.14279465076905895
2022-03-15,2563816.073072623,-0.03056840135771255
2022-03-16,2593247.073072623,0.011479372607539728
2022-03-17,2657765.073072623,0.024879233710483062
2022-03-18,2667311.073072623,0.003591739577254671
2022-03-21,3078662.966193006,0.15421969236101285
2022-03-22,3062357.966193006,-0.005296130228948814
2022-03-23,3094055.966193006,0.010350847402534669
2022-03-24,3042761.966193006,-0.01657823923046653
2022-03-25,3004315.966193006,-0.012635230894548877
2022-03-28,2288078.3960314877,-0.23840287713449682
2022-03-29,2268708.3960314877,-0.008465619024940696
2022-03-30,2307831.3960314877,0.017244613749583415
2022-03-31,2306861.3960314877,-0.00042030800069192686
2022-04-01,2328122.3960314877,0.009216418479487176
2022-04-06,3427027.804807582,0.47201358942695015
2022-04-07,3437267.804807582,0.002988011940152635
2022-04-08,3405736.804807582,-0.009173274178956525
2022-04-11,2996954.17153172,-0.12002766411626964
2022-04-12,3110811.17153172,0.03799090459291499
2022-04-13,3117927.17153172,0.0022875062508200816
2022-04-14,3220170.17153172,0.03279197825193969
2022-04-15,3172936.17153172,-0.014668168911561752
2022-04-18,2190283.942169651,-0.30969807655717774
2022-04-19,2173252.942169651,-0.007775704177938381
2022-04-20,2197763.942169651,0.011278484673546307
2022-04-21,2155544.942169651,-0.01920997937491009
2022-04-22,2161024.942169651,0.002542280558754717
2022-04-25,2401302.735754921,0.11118695989877536
2022-04-26,2390179.735754921,-0.004632069015864104
2022-04-27,2386824.735754921,-0.001403660130580242
2022-04-28,2422111.735754921,0.014784076715561367
2022-04-29,2433264.735754921,0.004604659576749048
2022-05-05,2349388.645481771,-0.0344705978928872
2022-05-06,2278930.645481771,-0.029989929565506945
2022-05-09,2227826.503850801,-0.022424614690354616
2022-05-10,2319781.503850801,0.04127565582017079
2022-05-11,2365441.503850801,0.019682888204861193
2022-05-12,2422797.503850801,0.024247481878806987
2022-05-13,2388098.503850801,-0.014321873761570791
2022-05-16,2136848.6159424228,-0.1052091810715674
2022-05-17,2135802.6159424228,-0.000489505897701914
2022-05-18,2077698.6159424228,-0.02720476113583259
2022-05-19,2026882.6159424228,-0.02445783022142045
2022-05-20,2074480.6159424228,0.023483353019863262
2022-05-23,2962086.05039271,0.4278687530888565
2022-05-24,2921509.05039271,-0.013698791766910468
2022-05-25,2931413.05039271,0.0033900288615120733
2022-05-26,2964522.05039271,0.011294552978661443
2022-05-27,2936376.05039271,-0.009494279186174848
2022-05-30,3423692.842220489,0.1659585773295642
2022-05-31,3504987.842220489,0.02374482868249217
2022-06-01,3495993.842220489,-0.002566057403012856
2022-06-02,3475237.842220489,-0.005937081395663069
2022-06-06,3508071.5839311797,0.009447912114617152
2022-06-07,3558190.5839311797,0.014286766618324398
2022-06-08,3592144.5839311797,0.009542490543743343
2022-06-09,3591733.5839311797,-0.00011441632996578299
2022-06-10,3618469.5839311797,0.007443759225242319
2022-06-13,2390978.0019432227,-0.33922948736089276
2022-06-14,2433647.0019432227,0.017845835455333248
2022-06-15,2445020.0019432227,0.0046732332137400245
2022-06-16,2290164.0019432227,-0.06333526919081456
2022-06-17,2330242.0019432227,0.017500056749644832
2022-06-20,2647543.4981126725,0.13616675688827495
2022-06-21,2653080.4981126725,0.002091372626718657
2022-06-22,2601275.4981126725,-0.019526358147388567
2022-06-23,2617693.4981126725,0.006311519103575192
2022-06-24,2636915.4981126725,0.0073431056821047225
2022-06-27,3065297.438882944,0.1624556953292129
2022-06-28,3065180.438882944,-3.816921598398526e-05
2022-06-29,3023582.438882944,-0.013571142328951957
2022-06-30,3132828.438882944,0.03613131184885465
2022-07-01,3123874.438882944,-0.0028581201220174712
2022-07-04,2443897.272687837,-0.2176710938606924
2022-07-05,2396724.272687837,-0.019302366153925332
2022-07-06,2310109.272687837,-0.03613890883779658
2022-07-07,2294798.272687837,-0.006627825004219545
2022-07-08,2330657.272687837,0.01562621012347165
2022-07-11,3813528.9406956723,0.6362461291006161
2022-07-12,3801963.9406956723,-0.0030326241598916948
2022-07-13,3806781.9406956723,0.00126723979373633
2022-07-14,3809002.9406956723,0.0005834324199809338
2022-07-15,3787794.9406956723,-0.005567861282912645
2022-07-18,2301830.3040207145,-0.3923033479742817
2022-07-19,2293264.3040207145,-0.0037213864050000822
2022-07-20,2296813.3040207145,0.0015475756517806527
2022-07-21,2274318.3040207145,-0.009794004571734738
2022-07-22,2250938.3040207145,-0.010280003444841923
2022-07-25,3135198.374789266,0.3928406519134937
2022-07-26,3139464.374789266,0.0013606794499205765
2022-07-27,3113821.374789266,-0.008167953809547934
2022-07-28,3116675.374789266,0.0009165586770991663
2022-07-29,3068500.374789266,-0.015457176063213618
2022-08-01,2160017.051682158,-0.2960675288069663
2022-08-02,2130141.051682158,-0.01383137229251663
2022-08-03,2106636.051682158,-0.011034480548336556
2022-08-04,2156060.051682158,0.023461100440455684
2022-08-05,2158391.051682158,0.001081138717904162
2022-08-08,2191983.087730421,0.015563461506237664
2022-08-09,2216338.087730421,0.01111094339017793
2022-08-10,2196267.087730421,-0.00905592883644979
2022-08-11,2204680.087730421,0.0038305905720663613
2022-08-12,2212353.087730421,0.003480323536599217
2022-08-15,2876307.541222306,0.3001123361248874
2022-08-16,2868038.541222306,-0.0028748664325671802
2022-08-17,2900043.541222306,0.011159194529638317
2022-08-18,2882771.541222306,-0.0059557726477169615
2022-08-19,2850429.541222306,-0.0112190645486554
2022-08-22,2203239.9988314714,-0.2270498298699607
2022-08-23,2174927.9988314714,-0.012850166125803697
2022-08-24,2145363.9988314714,-0.013593093663736844
2022-08-25,2184324.9988314714,0.01816055458244903
2022-08-26,2210410.9988314714,0.011942362063317002
2022-08-29,3106850.0846148105,0.40555312394719323
2022-08-30,3092015.0846148105,-0.004774932679714183
2022-08-31,3115942.0846148105,0.007738319298329355
2022-09-01,3089084.0846148105,-0.008619544032160698
2022-09-02,3050887.0846148105,-0.012365153862350375
2022-09-05,2636452.9382264875,-0.13584053912655614
2022-09-06,2647876.9382264875,0.004333094603875098
2022-09-07,2622804.9382264875,-0.009468717989890019
2022-09-08,2627308.9382264875,0.001717245508560561
2022-09-09,2649537.9382264875,0.008460748439810484
2022-09-13,3044913.805442866,0.1492244596735346
2022-09-14,3017980.805442866,-0.008845242171340417
2022-09-15,3024930.805442866,0.002302864215526501
2022-09-16,2963047.805442866,-0.02045765803589683
2022-09-19,2051356.676106903,-0.30768694573920274
2022-09-20,2108656.6761069032,0.027932733818257782
2022-09-21,2109635.6761069032,0.0004642766226921058
2022-09-22,2084136.676106903,-0.012086921115714078
2022-09-23,2119812.6761069032,0.017117879268187863
2022-09-26,2125607.2721925615,0.002733541577032206
2022-09-27,2182304.2721925615,0.02667331860486022
2022-09-28,2148341.2721925615,-0.015562907717665442
2022-09-29,2148852.2721925615,0.00023785792630537372
2022-09-30,2140434.2721925615,-0.003917440072048639
2022-10-10,2150293.231660271,0.004606055694301059
2022-10-11,2164261.231660271,0.006495858236606589
2022-10-12,2163225.231660271,-0.0004786852829246069
2022-10-13,2138138.231660271,-0.011597035589653193
2022-10-14,2179789.231660271,0.019480031451314384
2022-10-17,2080407.658879845,-0.04559228540858995
2022-10-18,2063178.658879845,-0.00828154997721775
2022-10-19,1994304.658879845,-0.03338247015282403
2022-10-20,2042660.658879845,0.024247047603629612
2022-10-21,2016260.658879845,-0.012924319996683753
2022-10-24,2207414.977504007,0.09480635243379698
2022-10-25,2276778.977504007,0.03142318082775364
2022-10-26,2285726.977504007,0.003930113589598161
2022-10-27,2252546.977504007,-0.014516169396675771
2022-10-28,2232177.977504007,-0.009042652696446885
2022-10-31,1852353.4626323879,-0.1701587053987219
2022-11-01,1937631.4626323879,0.046037649790019675
2022-11-02,1979496.4626323879,0.02160627591333797
2022-11-03,1974175.4626323879,-0.002688057342079775
2022-11-04,2030504.4626323879,0.028532924791239367
2022-11-07,2412066.5983475037,0.18791494563890332
2022-11-08,2399590.5983475037,-0.005172328163968287
2022-11-09,2382224.5983475037,-0.00723706786147571
2022-11-10,2418374.5983475037,0.015174891580364225
2022-11-11,2441135.5983475037,0.009411693298280843
2022-11-14,3367618.8246232355,0.3795296037233258
2022-11-15,3434987.8246232355,0.020004936279431007
2022-11-16,3445756.8246232355,0.003135091170572313
2022-11-17,3445305.8246232355,-0.00013088561467167192
2022-11-18,3434374.8246232355,-0.0031727227005153846
2022-11-21,2099665.4760803306,-0.3886324052265693
2022-11-22,2102506.4760803306,0.0013530726834178886
2022-11-23,2094958.4760803308,-0.003590000832754292
2022-11-24,2091980.4760803308,-0.0014215078885820853
2022-11-25,2098376.4760803306,0.0030573899102461777
2022-11-28,2103543.2023949926,0.002462249445491782
2022-11-29,2129601.2023949926,0.01238767046492395
2022-11-30,2088461.2023949926,-0.01931817091093535
2022-12-01,2131842.2023949926,0.02077175288209898
2022-12-02,2155299.2023949926,0.011003159602360535
2022-12-05,2244537.3425012804,0.041404061212069854
2022-12-06,2273556.3425012804,0.012928722303038986
2022-12-07,2282907.3425012804,0.004112939637868074
2022-12-08,2295667.3425012804,0.005589363949401127
2022-12-09,2362454.3425012804,0.029092629739303266
2022-12-12,3462153.392342008,0.46549007532412534
2022-12-13,3522453.392342008,0.017416905944542593
2022-12-14,3619531.392342008,0.027559768487228853
2022-12-15,3574791.392342008,-0.012360716112217784
2022-12-16,3571577.392342008,-0.0008990734415678103
2022-12-19,2865234.2806189754,-0.19776783032548506
2022-12-20,2758822.2806189754,-0.03713902235492306
2022-12-21,2804358.2806189754,0.016505593825269393
2022-12-22,2903900.2806189754,0.035495464573103375
2022-12-23,2908623.2806189754,0.0016264332599580378
2022-12-26,3585893.1171157695,0.23284893613058966
2022-12-27,3640497.1171157695,0.015227447728257903
2022-12-28,3603848.1171157695,-0.010067031732478249
2022-12-29,3580023.1171157695,-0.00661098892787626
2022-12-30,3583107.1171157695,0.0008614469513494871
2023-01-03,2774749.2794632907,-0.22560247607198758
2023-01-04,2803024.2794632907,0.010190109862995955
2023-01-05,2906314.2794632907,0.03684948459304005
2023-01-06,2884053.2794632907,-0.007659529513824981
2023-01-09,3248998.681951788,0.12653906399274706
2023-01-10,3259273.681951788,0.003162512824975261
2023-01-11,3232671.681951788,-0.00816194115495994
2023-01-12,3224117.681951788,-0.0026461084952602576
2023-01-13,3283726.681951788,0.018488469057343693
2023-01-16,4302652.557544167,0.3102955800775564
2023-01-17,4251666.557544167,-0.011849899409284714
2023-01-18,4227880.557544167,-0.005594512099683424
2023-01-19,4226633.557544167,-0.0002949468375531561
2023-01-20,4210781.557544167,-0.00375050256526388
2023-01-30,3806469.8727256404,-0.09601820452883603
2023-01-31,3707305.8727256404,-0.02605143435142787
2023-02-01,3732736.8727256404,0.00685969835591238
2023-02-02,3768755.8727256404,0.00964948809094568
2023-02-03,3757560.8727256404,-0.0029704762998892242
2023-02-06,2491100.7848477187,-0.33704313270626096
2023-02-07,2499794.7848477187,0.003490023387605179
2023-02-08,2484974.7848477187,-0.005928486646116005
2023-02-09,2572641.7848477187,0.03527882879719946
2023-02-10,2606235.7848477187,0.013058172419440961
2023-02-13,3062280.1027862392,0.17498198765817619
2023-02-14,3088175.1027862392,0.008456117380130967
2023-02-15,3100880.1027862392,0.004114080185588342
2023-02-16,3124247.1027862392,0.007535602546839604
2023-02-17,3090634.1027862392,-0.010758752075027411
2023-02-20,2799676.1742597637,-0.09414182295606388
2023-02-21,2792581.1742597637,-0.002534221659358793
2023-02-22,2840470.1742597637,0.01714865101913965
2023-02-23,2820891.1742597637,-0.006892872939636585
2023-02-24,2780408.1742597637,-0.014351138522960993
2023-02-27,2731936.236518705,-0.01743338916559034
2023-02-28,2734729.236518705,0.0010223518260290554
2023-03-01,2742827.236518705,0.0029611706679630867
2023-03-02,2755193.236518705,0.004508486657619493
2023-03-03,2708738.236518705,-0.01686088633793892
2023-03-06,3587145.1886880845,0.32428639295110195
2023-03-07,3556170.1886880845,-0.008635000361200462
2023-03-08,3555669.1886880845,-0.00014088189637084803
2023-03-09,3518414.1886880845,-0.010477633891961102
2023-03-10,3465827.1886880845,-0.014946222127306785
2023-03-13,2657561.124765691,-0.2332101457800455
2023-03-14,2631060.124765691,-0.009971924917563824
2023-03-15,2584474.124765691,-0.017706170817418543
2023-03-16,2572474.124765691,-0.004643110907944559
2023-03-17,2518888.124765691,-0.020830530221516153
2023-03-20,3488680.2785376245,0.38500802962900327
2023-03-21,3543915.2785376245,0.015832634575259297
2023-03-22,3545258.2785376245,0.00037895939785403954
2023-03-23,3555683.2785376245,0.002940547396253601
2023-03-24,3577303.2785376245,0.0060804065790955875
2023-03-27,3635470.061214703,0.01625995286059645
2023-03-28,3681738.061214703,0.012726827403590546
2023-03-29,3717822.061214703,0.009800805869414564
2023-03-30,3766064.061214703,0.012975876522782759
2023-03-31,3770941.061214703,0.0012949859377662243
2023-04-03,3029815.651270026,-0.19653593039874895
2023-04-04,3069146.651270026,0.01298131785130674
2023-04-06,3046626.651270026,-0.007337544457408418
2023-04-07,3037135.651270026,-0.0031152487936266793
2023-04-10,2610931.1336847106,-0.14033107721319305
2023-04-11,2545132.1336847106,-0.025201354088240646
2023-04-12,2491263.1336847106,-0.021165502288484794
2023-04-13,2506825.1336847106,0.006246630389854957
2023-04-14,2483939.1336847106,-0.009129476042216256
2023-04-17,2488804.820260508,0.0019588590194556943
2023-04-18,2491138.820260508,0.0009377995337358502
2023-04-19,2479947.820260508,-0.004492322912309499
2023-04-20,2467682.820260508,-0.004945668574071749
2023-04-21,2427620.820260508,-0.01623466341422708
2023-04-24,2703217.0795554286,0.11352524949318332
2023-04-25,2730541.0795554286,0.010107956259470585
2023-04-26,2781839.0795554286,0.018786752700439946
2023-04-27,2766454.0795554286,-0.005530514008904808
2023-04-28,2773918.0795554286,0.0026980386391231015
2023-05-04,2483130.522991265,-0.1048291796024371
2023-05-05,2481830.522991265,-0.0005235326890645764
2023-05-08,3306664.310672337,0.3323489577712697
2023-05-09,3299130.310672337,-0.002278429042731678
2023-05-10,3271616.310672337,-0.00833977364003935
2023-05-11,3264303.310672337,-0.00223528656956018
2023-05-12,3235115.310672337,-0.008941571055781639
2023-05-15,3537601.359252199,0.09350085531170693
2023-05-16,3499955.359252199,-0.01064167388491677
2023-05-17,3492891.359252199,-0.002018311456837951
2023-05-18,3481800.359252199,-0.0031753063176790386
2023-05-19,3535638.359252199,0.015462690115743083
2023-05-22,2518495.1470809993,-0.2876830458379599
2023-05-23,2487540.1470809993,-0.012291069941459898
2023-05-24,2442666.1470809993,-0.018039507845795888
2023-05-25,2410119.1470809993,-0.013324375105003172
2023-05-26,2417909.1470809993,0.003232205349447126
2023-05-29,2399467.4652233147,-0.007627119439102215
2023-05-30,2393434.4652233147,-0.002514307898498047
2023-05-31,2372003.4652233147,-0.008954078463978554
2023-06-01,2383213.4652233147,0.004725962741772172
2023-06-02,2417340.4652233147,0.014319741180550238
2023-06-05,3081348.510999876,0.2746853640722968
2023-06-06,3111613.510999876,0.009821998352980588
2023-06-07,3128242.510999876,0.005344172706929884
2023-06-08,3196758.510999876,0.021902393998891156
2023-06-09,3252981.510999876,0.01758750303050416
2023-06-12,2556270.7594919633,-0.21417605638150805
2023-06-13,2570951.7594919633,0.0057431318437166645
2023-06-14,2619539.7594919633,0.018898837685543013
2023-06-15,2629197.7594919633,0.0036869072000162983
2023-06-16,2648500.7594919633,0.007341783222776677
2023-06-19,4078942.7281913515,0.5400949814995621
2023-06-20,4000833.7281913515,-0.01914932501016864
2023-06-21,3991315.7281913515,-0.002379004139295482
2023-06-26,4554700.598972776,0.14115266973297547
2023-06-27,4566155.598972776,0.002514984190746361
2023-06-28,4581240.598972776,0.0033036543921967088
2023-06-29,4558343.598972776,-0.00499799115661681
2023-06-30,4547245.598972776,-0.002434656308598848
2023-07-03,3112649.8255712623,-0.31548675834126694
2023-07-04,3095814.8255712623,-0.0054085749902529345
2023-07-05,3035544.8255712623,-0.01946821867450632
2023-07-06,3001764.8255712623,-0.011128150609221454
2023-07-07,2988911.8255712623,-0.004281814448123478
2023-07-10,2536159.579043167,-0.151477284359689
2023-07-11,2534638.579043167,-0.000599725668908313
2023-07-12,2523061.579043167,-0.00456751510677722
2023-07-13,2604400.579043167,0.032238214348635275
2023-07-14,2559973.579043167,-0.017058435771167724
2023-07-17,4469939.9225928215,0.7460883030923844
2023-07-18,4461732.9225928215,-0.0018360425737533603
2023-07-19,4465124.9225928215,0.0007602427260546829
2023-07-20,4454879.9225928215,-0.002294448683431427
2023-07-21,4503522.9225928215,0.010919037290614275
2023-07-24,2950115.2848300477,-0.34493166004991216
2023-07-25,3039085.2848300477,0.030158143465612186
2023-07-26,3023760.2848300477,-0.005042635715587385
2023-07-27,3039977.2848300477,0.0053631896950823155
2023-07-28,3075727.2848300477,0.011759956292567653
2023-07-31,3875299.35569977,0.25996195267809763
2023-08-01,3828767.35569977,-0.012007330461209609
2023-08-02,3824963.35569977,-0.0009935312455945366
2023-08-03,3842707.35569977,0.004638998690944085
2023-08-04,3838790.35569977,-0.0010193334119471542
2023-08-07,2687573.3641947983,-0.2998905605240111
2023-08-08,2688491.3641947983,0.00034157207101026543
2023-08-09,2687324.3641947983,-0.00043407243762882963
2023-08-10,2689598.3641947983,0.0008461948361344618
2023-08-11,2634731.3641947983,-0.020399700092926687
2023-08-14,2505358.8362231124,-0.04910273955433153
2023-08-15,2499709.8362231124,-0.002254766829535737
2023-08-16,2494450.8362231124,-0.002103844183749759
2023-08-17,2559187.8362231124,0.0259524056597642
2023-08-18,2534703.8362231124,-0.009567097675852398
2023-08-21,2925490.376900392,0.15417443848571244
2023-08-22,2900897.376900392,-0.008406453903996969
2023-08-23,2874392.376900392,-0.009136827869561048
2023-08-24,2895103.376900392,0.007205348917023624
2023-08-25,2857414.376900392,-0.013018187986209795
2023-08-28,3627305.2644077633,0.2694362055889554
2023-08-29,3657217.2644077633,0.008246342069278212
2023-08-30,3658216.2644077633,0.00027315850488895954
2023-08-31,3657982.2644077633,-6.396560046950661e-05
2023-09-01,3695854.2644077633,0.010353248666210124
2023-09-04,2654711.26437559,-0.2817056424704587
2023-09-05,2610911.26437559,-0.01649896943135254
2023-09-06,2597803.26437559,-0.005020469358285484
2023-09-07,2564669.26437559,-0.012754622512942349
2023-09-08,2546366.26437559,-0.0071365927194734224
2023-09-11,2911409.642101994,0.14335855090191374
2023-09-12,2885838.642101994,-0.008783030608340736
2023-09-13,2891040.642101994,0.0018025955866372012
2023-09-14,2884734.642101994,-0.00218122149794997
2023-09-15,2872018.642101994,-0.004408031093887543
2023-09-18,2536064.2627837863,-0.11697499953284662
2023-09-19,2505034.2627837863,-0.012235494366352961
2023-09-20,2473695.2627837863,-0.01251040772798595
2023-09-21,2429177.2627837863,-0.017996557890441744
2023-09-22,2462155.2627837863,0.013575789838493613
2023-09-25,2751873.52782792,0.11766856031514816
2023-09-26,2723293.52782792,-0.010385651706369847
2023-09-27,2716923.52782792,-0.002339079476710193
2023-09-28,2713872.52782792,-0.0011229613085352863
2023-10-09,2385387.657525116,-0.12103916707013151
2023-10-10,2374676.657525116,-0.004490255479527749
2023-10-11,2364455.657525116,-0.004304164934459842
2023-10-12,2372637.657525116,0.003460415920239379
2023-10-13,2340453.657525116,-0.01356465025239928
2023-10-16,2612998.9129328043,0.11644975517092182
2023-10-17,2597495.9129328043,-0.00593302964010789
2023-10-18,2566670.9129328043,-0.011867198653335298
2023-10-19,2509407.9129328043,-0.022310222830463466
2023-10-20,2474437.9129328043,-0.01393555819274106
2023-10-23,2480772.1847547605,0.00255988311076627
2023-10-24,2483051.1847547605,0.0009186655727619897
2023-10-25,2528940.1847547605,0.018480891687511658
2023-10-26,2553049.1847547605,0.009533242480520787
2023-10-27,2578809.1847547605,0.010089895703468077
2023-10-30,2670346.3157316223,0.03549589148278409
2023-10-31,2685916.3157316223,0.005830704395259012
2023-11-01,2699028.3157316223,0.004881760434307658
2023-11-02,2652389.3157316223,-0.017279922455114227
2023-11-03,2658488.3157316223,0.002299436196574245
2023-11-06,3720750.1703804163,0.39957364053957
2023-11-07,3728833.1703804163,0.002172411376701877
2023-11-08,3759670.1703804163,0.008269879233254729
2023-11-09,3714045.1703804163,-0.012135373033369978
2023-11-10,3671249.1703804163,-0.01152274623402505
2023-11-13,3610144.3978184266,-0.016644136566643875
2023-11-14,3623163.3978184266,0.0036062269442371786
2023-11-15,3641248.3978184266,0.004991494452303513
2023-11-16,3622805.3978184266,-0.0050650211095319975
2023-11-17,3636370.3978184266,0.003744335814495736
2023-11-20,2277979.3973077047,-0.3735568305488527
2023-11-21,2281662.3973077047,0.0016167837182166078
2023-11-22,2262714.3973077047,-0.008304471346136988
2023-11-23,2289585.3973077047,0.011875559740094799
2023-11-24,2277678.3973077047,-0.005200504866078037
2023-11-27,2602406.2323398003,0.14256966014865635
2023-11-28,2596578.2323398003,-0.002239465894131376
2023-11-29,2604882.2323398003,0.003198055000452449
2023-11-30,2612493.2323398003,0.0029218211501114144
2023-12-01,2592175.2323398003,-0.007777245027273394
2023-12-04,2548187.1376512805,-0.016969568314567418
2023-12-05,2538866.1376512805,-0.0036578946115359834
2023-12-06,2542425.1376512805,0.0014018068724539479
2023-12-07,2532468.1376512805,-0.003916339502998412
2023-12-08,2514049.1376512805,-0.007273141851680931
2023-12-11,2148385.387486184,-0.14544813173648363
2023-12-12,2176405.387486184,0.013042352719027761
2023-12-13,2125566.387486184,-0.023359159232150484
2023-12-14,2093583.3874861842,-0.015046813022774885
2023-12-15,2101149.387486184,0.003613899520422015
2023-12-18,2112793.1156756883,0.005541599402141939
2023-12-19,2165056.1156756883,0.0247364494006721
2023-12-20,2183850.1156756883,0.008680606411965774
2023-12-21,2286166.1156756883,0.04685120066875248
2023-12-22,2245934.1156756883,-0.01759802130043786
2023-12-25,2527854.365441037,0.1255247194464264
2023-12-26,2503566.365441037,-0.009608148448758569
2023-12-27,2534258.365441037,0.012259311526017003
2023-12-28,2575781.365441037,0.01638467512477715
2023-12-29,2529433.365441037,-0.017993763221461956
2024-01-02,2846381.375700579,0.1253039572379795
2024-01-03,2846478.375700579,3.407835676139115e-05
2024-01-04,2803618.375700579,-0.015057202038097794
2024-01-05,2771502.375700579,-0.011455196712346627
2024-01-08,2404887.4746605875,-0.1322802045036381
2024-01-09,2411341.4746605875,0.002683701448821685
2024-01-10,2443619.4746605875,0.013385910016972424
2024-01-11,2462056.4746605875,0.007544955420099031
2024-01-12,2450039.4746605875,-0.00488087910398427
2024-01-15,2427724.4363885503,-0.009108032136963207
2024-01-16,2460362.4363885503,0.013443865172998004
2024-01-17,2382496.4363885503,-0.03164818274265957
2024-01-18,2437052.4363885503,0.022898670137235344
2024-01-19,2412524.4363885503,-0.0100646172539266
2024-01-22,3548973.922187003,0.4710623729472645
2024-01-23,3539325.922187003,-0.0027185322325655736
2024-01-24,3541040.922187003,0.00048455554467286
2024-01-25,3591165.922187003,0.014155442171236432
2024-01-26,3597541.922187003,0.0017754679505637139
2024-01-29,2682997.1327768797,-0.2542137963062726
2024-01-30,2611772.1327768797,-0.026546804366608723
2024-01-31,2570922.1327768797,-0.01564072128932914
2024-02-01,2564591.1327768797,-0.0024625405488892804
2024-02-02,2541313.1327768797,-0.009076690511206409
2024-02-05,1915732.5117014518,-0.246164320723381
2024-02-06,1997966.5117014518,0.04292561696254982
2024-02-07,2055478.5117014518,0.028785267252063873
2024-02-08,2051266.5117014518,-0.0020491578851453696
2024-02-19,2226112.665434112,0.08523814567012611
2024-02-20,2209521.665434112,-0.007452902208237799
2024-02-21,2282552.665434112,0.03305285534987101
2024-02-22,2295708.665434112,0.005763722432007068
2024-02-23,2300273.665434112,0.0019884927337401326
2024-02-26,3622013.1318554,0.5746009643473646
2024-02-27,3634516.1318554,0.003451947727642679
2024-02-28,3573552.1318554,-0.01677362206915789
2024-02-29,3632711.1318554,0.01655467664026622
2024-03-01,3631833.1318554,-0.00024169276557683972
2024-03-04,2363395.6042685895,-0.34925545352321896
2024-03-05,2388608.6042685895,0.010668125113909133
2024-03-06,2361515.6042685895,-0.011342586622012152
2024-03-07,2361111.6042685895,-0.00017107657441250979
2024-03-08,2339501.6042685895,-0.009152468676589365
2024-03-11,2407892.318404992,0.029233027244614407
2024-03-12,2500349.318404992,0.03839748118854591
2024-03-13,2507309.318404992,0.0027836110533707714
2024-03-14,2497792.318404992,-0.0037957024010321083
2024-03-15,2523255.318404992,0.010194202221047721
2024-03-18,3869335.8318061857,0.5334698013247752
2024-03-19,3880326.8318061857,0.0028405391720338624
2024-03-20,3862756.8318061857,-0.00452796910197939
2024-03-21,3873881.8318061857,0.0028800673934212817
2024-03-22,3787843.8318061857,-0.022209763677764283
2024-03-25,2396069.725217509,-0.3674317549477816
2024-03-26,2429755.725217509,0.014058856320194213
2024-03-27,2403117.725217509,-0.010963241993231843
2024-03-28,2407870.725217509,0.0019778473397802365
2024-03-29,2419340.725217509,0.004763544770022499
2024-04-01,3065200.580963943,0.2669569643558034
2024-04-02,3063275.580963943,-0.0006280176285868855
2024-04-03,3064689.580963943,0.000461597385748469
2024-04-08,2034785.0794889983,-0.33605507972882753
2024-04-09,2063116.0794889983,0.01392333779404109
2024-04-10,2046494.0794889983,-0.008056744923493064
2024-04-11,2071266.0794889983,0.012104603794497848
2024-04-12,2029068.0794889983,-0.020373046426951924
2024-04-15,1983900.1700025538,-0.02226042090111613
2024-04-16,1914391.1700025538,-0.03503654117833488
2024-04-17,1938870.1700025538,0.012786832902059064
2024-04-18,1940518.1700025538,0.0008499795527814324
2024-04-19,1921518.1700025538,-0.009791199223852187
2024-04-22,2879263.626533542,0.4984316419603334
2024-04-23,2881423.626533542,0.0007501918129673157
2024-04-24,2874593.626533542,-0.0023703560757627473
2024-04-25,2876077.626533542,0.0005162468831427791
2024-04-26,2898343.626533542,0.007741793821760101
2024-04-29,2109232.190319782,-0.27226289836362416
2024-04-30,2109521.190319782,0.00013701668376131515
2024-05-06,3473250.1562699145,0.6464637436248768
2024-05-07,3475408.1562699145,0.0006213200612987801
2024-05-08,3462358.1562699145,-0.0037549546450987847
2024-05-09,3481566.1562699145,0.0055476640870375515
2024-05-10,3490352.1562699145,0.002523576920742343
2024-05-13,3442359.5719744456,-0.013750069376024743
2024-05-14,3471063.5719744456,0.008338466508173603
2024-05-15,3460580.5719744456,-0.003020111784941215
2024-05-16,3480668.5719744456,0.0058048063272049255
2024-05-17,3510128.5719744456,0.008463891172289406
2024-05-20,3184773.8620671015,-0.09269025428442701
2024-05-21,3190668.8620671015,0.0018509948446303603
2024-05-22,3138026.8620671015,-0.01649873499122545
2024-05-23,3090220.8620671015,-0.015234413885325648
2024-05-24,3061635.8620671015,-0.009250147894244387
2024-05-27,2129079.79136035,-0.30459405125896477
2024-05-28,2092915.7913603496,-0.016985741984284042
2024-05-29,2088697.7913603496,-0.002015370144088924
2024-05-30,2055487.7913603496,-0.015899858819868107
2024-05-31,2055012.7913603496,-0.00023108869923549324
2024-06-03,3539468.7914394117,0.7223585207449741
2024-06-04,3561520.7914394117,0.006230313445151792
2024-06-05,3515051.7914394117,-0.013047516137402404
2024-06-06,3485851.7914394117,-0.008307132222379776
2024-06-07,3495296.7914394117,0.0027095242612422688
2024-06-11,2808316.3604478664,-0.19654423414746336
2024-06-12,2805457.3604478664,-0.0010180476958600027
2024-06-13,2778893.3604478664,-0.009468687841956425
2024-06-14,2784973.3604478664,0.00218792130944534
2024-06-17,2226222.4812101955,-0.20063060105817865
2024-06-18,2223507.4812101955,-0.0012195546594804263
2024-06-19,2230272.4812101955,0.0030424903253836177
2024-06-20,2241908.4812101955,0.005217299723702773
2024-06-21,2235319.4812101955,-0.0029390138157839862
2024-06-24,2186165.591133218,-0.02198964867892883
2024-06-25,2150553.591133218,-0.016289708402893788
2024-06-26,2158037.591133218,0.0034800341785745648
2024-06-27,2122160.591133218,-0.016624826252985003
2024-06-28,2099916.591133218,-0.010481770367869236
2024-07-01,1845054.9788281522,-0.12136749306196482
2024-07-02,1861490.9788281522,0.00890813563205528
2024-07-03,1853342.9788281522,-0.0043771364420628345
2024-07-04,1799680.9788281522,-0.02895416585759525
2024-07-05,1802208.9788281522,0.0014046934038531855
2024-07-08,1780194.886473248,-0.012215060857824755
2024-07-09,1788923.886473248,0.004903395727247073
2024-07-10,1812279.886473248,0.013055893644555727
2024-07-11,1853063.886473248,0.022504250201312415
2024-07-12,1867176.886473248,0.007616035314821135
2024-07-15,2300877.6834886246,0.23227622415279425
2024-07-16,2296997.6834886246,-0.0016863130221320688
2024-07-17,2326096.6834886246,0.012668275727559797
2024-07-18,2315058.6834886246,-0.004745288567904904
2024-07-19,2336173.6834886246,0.009120719120683907
2024-07-22,1792103.533346141,-0.2328894268383419
2024-07-23,1771231.533346141,-0.011646648539902493
2024-07-24,1754514.533346141,-0.009438065936201445
2024-07-25,1742509.533346141,-0.006842348565277767
2024-07-26,1747214.533346141,0.0027001286994194906
2024-07-29,1768400.0542599668,0.01212531175164444
2024-07-30,1767948.0542599668,-0.00025559827308940797
2024-07-31,1816333.0542599668,0.027367885545852788
2024-08-01,1805472.0542599668,-0.005979630208527542
2024-08-02,1804789.0542599668,-0.00037829441801018326
2024-08-05,2011750.3048082236,0.11467337418727808
2024-08-06,2045137.3048082236,0.01659599599423589
2024-08-07,2050597.3048082236,0.0026697473989463205
2024-08-08,2062311.3048082236,0.005712481905898015
2024-08-09,2051161.3048082236,-0.005406555244110822
2024-08-12,2333197.2064006785,0.1375005958484694
2024-08-13,2324678.2064006785,-0.0036512130121832964
2024-08-14,2318182.2064006785,-0.002794365251119091
2024-08-15,2325558.2064006785,0.003181803388721649
2024-08-16,2291641.2064006785,-0.01458445542521769
2024-08-19,1724873.1106697726,-0.24731973493402537
2024-08-20,1692491.1106697726,-0.018773554877567822
2024-08-21,1674158.1106697726,-0.010831962356803837
2024-08-22,1640348.1106697726,-0.020195225160945962
2024-08-23,1634482.1106697726,-0.003576070202321202
2024-08-26,1668990.4736633997,0.02111271990580943
2024-08-27,1662109.4736633997,-0.004122851573200581
2024-08-28,1637745.4736633997,-0.014658480916001304
2024-08-29,1683378.4736633997,0.02786330399553827
2024-08-30,1717583.4736633997,0.020319257098234456
2024-09-02,2055304.7187546745,0.1966258119443569
2024-09-03,2068061.7187546745,0.0062068655239255754
2024-09-04,2053785.7187546745,-0.006903082181027309
2024-09-05,2072358.7187546745,0.009043299809905037
2024-09-06,2045709.7187546745,-0.01285926020376138
2024-09-09,1628646.3352128554,-0.20387222083282985
2024-09-10,1633581.3352128554,0.003030123786423644
2024-09-11,1624104.3352128554,-0.005801364031112088
2024-09-12,1614716.3352128554,-0.005780416809717859
2024-09-13,1603928.3352128554,-0.00668104964614602
2024-09-18,1947607.3413303802,0.21427329299716846
2024-09-19,2014159.3413303802,0.03417115893316525
2024-09-20,2038088.3413303802,0.011880390746143554
2024-09-23,2189989.3200668846,0.07453110626075699
2024-09-24,2265177.3200668846,0.03433258752042856
2024-09-25,2227351.3200668846,-0.016698913442627528
2024-09-26,2387696.3200668846,0.0719890924055866
2024-09-27,2554899.3200668846,0.0700269119631245
2024-09-30,2256007.503865848,-0.11698770822531357
2024-10-08,2447558.8709131274,0.08490723843739056
2024-10-09,2252834.8709131274,-0.0795584540638048
2024-10-10,2251096.8709131274,-0.0007714724334392242
2024-10-11,2184500.8709131274,-0.029583800173373365
2024-10-14,2117218.694899601,-0.03079979363221874
2024-10-15,2066346.6948996007,-0.024027749293236145
2024-10-16,2054075.6948996007,-0.0059385000737236515
2024-10-17,2012990.6948996007,-0.020001697163359977
2024-10-18,2065301.6948996007,0.025986707306965062
2024-10-21,2992437.1157257687,0.44891040525255477
2024-10-22,3063360.1157257687,0.023700748673142646
2024-10-23,3063794.1157257687,0.00014167449584912006
2024-10-24,3026348.1157257687,-0.012222100632610422
2024-10-25,3077899.1157257687,0.017034061525217803
2024-10-28,2206708.335393612,-0.2830472174610993
2024-10-29,2157508.335393612,-0.022295651496337943
2024-10-30,2119933.335393612,-0.01741592344446019
2024-10-31,2118705.335393612,-0.0005792634982891842
2024-11-01,2127622.335393612,0.004208702291460087
2024-11-04,2142550.967907134,0.007016580088101243
2024-11-05,2167863.967907134,0.01181442139727773
2024-11-06,2187480.967907134,0.009048999517685674
2024-11-07,2390106.967907134,0.09262983448667983
2024-11-08,2346090.967907134,-0.018415912170885784
2024-11-11,3206479.7879550857,0.3667329322764814
2024-11-12,3183482.7879550857,-0.007172039595068291
2024-11-13,3187358.7879550857,0.0012175344608944538
2024-11-14,3099028.7879550857,-0.027712600267593257
2024-11-15,3065068.7879550857,-0.010958271872785308
2024-11-18,2265612.761921213,-0.26082808620006337
2024-11-19,2262001.761921213,-0.0015938292989389202
2024-11-20,2270135.761921213,0.0035959300018808538
2024-11-21,2266798.761921213,-0.0014699561391764426
2024-11-22,2167555.761921213,-0.04378112502403486
2024-11-25,2832663.1759115923,0.306846737544072
2024-11-26,2863935.1759115923,0.011039787669049783
2024-11-27,2927474.1759115923,0.0221859071861763
2024-11-28,2906630.1759115923,-0.007120131125839646
2024-11-29,2938449.1759115923,0.010947041100617838
2024-12-02,2042627.7426167035,-0.304861979794828
2024-12-03,2025277.7426167035,-0.008493960812347434
2024-12-04,1991196.7426167035,-0.01682781540667433
2024-12-05,2003346.7426167035,0.006101858113745751
2024-12-06,2014092.7426167035,0.005364023996147438
2024-12-09,3592584.589681101,0.78372351663093
2024-12-10,3634778.589681101,0.01174474781225543
2024-12-11,3696797.589681101,0.017062662407022033
2024-12-12,3755803.589681101,0.01596138240424727
2024-12-13,3727821.589681101,-0.007450336347960107
2024-12-16,2645985.2496093083,-0.2902060396523266
2024-12-17,2626998.2496093083,-0.007175776963534997
2024-12-18,2626756.2496093083,-9.212035068384417e-05
2024-12-19,2587500.2496093083,-0.014944667974365222
2024-12-20,2618469.2496093083,0.01196869449758542
2024-12-23,2262535.879841594,-0.13593185019103116
2024-12-24,2296953.879841594,0.015212134449072101
2024-12-25,2244082.879841594,-0.02301787618114748
2024-12-26,2253476.879841594,0.004186119899753038
2024-12-27,2274556.879841594,0.009354433670285545
2024-12-30,2240581.1574456715,-0.014937292928145496
2024-12-31,2248660.1574456715,0.0036057609308872696
2025-01-02,2211373.1574456715,-0.01658187426701041
2025-01-03,2173639.1574456715,-0.017063605874454102
2025-01-06,2845507.9724822524,0.30909859749955926
2025-01-07,2876013.9724822524,0.010720757170604056
2025-01-08,2881081.9724822524,0.0017621611189968522
2025-01-09,2864809.9724822524,-0.005647878177510002
2025-01-10,2804537.9724822524,-0.021038742736495197
2025-01-13,2137013.9713525726,-0.23801567590788042
2025-01-14,2168701.9713525726,0.014828166977281843
2025-01-15,2153151.9713525726,-0.007170187607798306
2025-01-16,2140500.9713525726,-0.0058755722625806195
2025-01-17,2175871.9713525726,0.01652463627598788
2025-01-20,2584079.9237975953,0.18760660453347877
2025-01-21,2553090.9237975953,-0.011992276134577984
2025-01-22,2513101.9237975953,-0.015662975269411183
2025-01-23,2514541.9237975953,0.0005729970545023111
2025-01-24,2511299.9237975953,-0.00128930043651998
2025-01-27,2120722.7755251364,-0.1555278780408781
2025-02-05,2076500.6511315356,-0.020852383396811724
2025-02-06,2084968.6511315356,0.004078014613376313
2025-02-07,2099556.6511315354,0.006996747884953969
2025-02-10,2390334.3426434696,0.13849480620359644
2025-02-11,2366636.3426434696,-0.00991409426590606
2025-02-12,2378611.3426434696,0.005059923987571491
2025-02-13,2417623.3426434696,0.01640116621853993
2025-02-14,2396169.3426434696,-0.008874004325480134
2025-02-17,2768909.240672324,0.15555657582099158
2025-02-18,2732710.240672324,-0.013073379028924248
2025-02-19,2742830.240672324,0.003703283227536769
2025-02-20,2750872.240672324,0.0029320079240591213
2025-02-21,2755099.240672324,0.0015366035316008997
2025-02-24,2145234.436805005,-0.2213585611959641
2025-02-25,2110100.436805005,-0.016377697186479412
2025-02-26,2136586.436805005,0.012552009154646493
2025-02-27,2172793.436805005,0.016946190135954886
2025-02-28,2159023.436805005,-0.0063374639147696366
2025-03-03,3446084.798633349,0.596131260035315
2025-03-04,3420351.798633349,-0.007467314794518454
2025-03-05,3418181.798633349,-0.0006344376624846104
2025-03-06,3446356.798633349,0.008242686217352357
2025-03-07,3483690.798633349,0.01083288881023714
2025-03-10,3518576.625513064,0.010014042260409806
2025-03-11,3583623.625513064,0.018486736803839054
2025-03-12,3578978.625513064,-0.0012961740644108488
2025-03-13,3573463.625513064,-0.00154094242437941
2025-03-14,3656778.625513064,0.023314914808469034
2025-03-17,4069835.2822066564,0.11295642941350836
2025-03-18,4057360.2822066564,-0.003065234618840895
2025-03-19,4037106.2822066564,-0.004991915578417494
2025-03-20,4003358.2822066564,-0.008359452944982526
2025-03-21,3967091.2822066564,-0.009059144209298542
2025-03-24,2235717.659506399,-0.4364340267303346
2025-03-25,2234645.659506399,-0.00047948809432252215
2025-03-26,2227771.659506399,-0.003076102902828115
2025-03-27,2260200.659506399,0.0145566983319938
2025-03-28,2242114.659506399,-0.008001944395481186
2025-03-31,2219712.257707052,-0.00999163968013983
2025-04-01,2263438.257707052,0.019698949649072484
2025-04-02,2302395.257707052,0.01721142596549763
2025-04-03,2332386.257707052,0.013025999727721782
2025-04-07,2280001.8861582554,-0.02245956105070479
2025-04-08,2307943.8861582554,0.012255253019584744
2025-04-09,2354168.8861582554,0.020028649863296666
2025-04-10,2399767.8861582554,0.01936946846426668
2025-04-11,2339778.8861582554,-0.024997834309732014
2025-04-14,3028092.4767466853,0.2941789049642165
2025-04-15,3028552.4767466853,0.0001519108163083871
2025-04-16,3029877.4767466853,0.0004375027377512275
2025-04-17,3075907.4767466853,0.015192033457875898
2025-04-18,3050656.4767466853,-0.008209284639051462
2025-04-21,2314218.4983689985,-0.24140311568710193
2025-04-22,2306877.4983689985,-0.0031721291680858466
2025-04-23,2289141.4983689985,-0.007688314621188019
2025-04-24,2294390.4983689985,0.002292999364058579
2025-04-25,2369212.4983689985,0.03261083937245579
2025-04-28,2369142.3348654867,-2.9614694148416554e-05
2025-04-29,2412369.3348654867,0.018245843385536586
2025-04-30,2359389.3348654867,-0.02196181125099328
2025-05-06,3065470.7076666504,0.29926445897129517
2025-05-07,3066444.7076666504,0.00031773260712109064
2025-05-08,3071837.7076666504,0.001758714248626836
2025-05-09,3082416.7076666504,0.0034438668337188894
2025-05-12,2642031.04940863,-0.14287025409727505
2025-05-13,2632779.04940863,-0.0035018513510924887
2025-05-14,2635665.04940863,0.0010961800993700699
2025-05-15,2630086.04940863,-0.0021167333084497475
2025-05-16,2624694.04940863,-0.002050123037309892
2025-05-19,3083208.0748375617,0.1746923705382879
2025-05-20,3123702.0748375617,0.013133722738493114
2025-05-21,3183562.0748375617,0.019163159150865194
2025-05-22,3216665.0748375617,0.010398101001906523
2025-05-23,3167276.0748375617,-0.015354100862519537
2025-05-26,2479033.9598030224,-0.21729779746776157
2025-05-27,2586862.9598030224,0.04349637872995005
2025-05-28,2649033.9598030224,0.024033356604531653
2025-05-29,2627685.9598030224,-0.00805878683472494
2025-05-30,2581257.9598030224,-0.01766877804662792
2025-06-03,2651758.3786944738,0.0273124267273277
2025-06-04,2698238.3786944738,0.01752799213285905
2025-06-05,2621342.3786944738,-0.02849859397419352
2025-06-06,2603230.3786944738,-0.0069094369919813214
2025-06-09,3825576.5099465176,0.469549733767725
2025-06-10,3800248.5099465176,-0.006620701463987744
2025-06-11,3789129.5099465176,-0.002925861287991549
2025-06-12,3783187.5099465176,-0.0015681702048985224
2025-06-13,3665614.5099465176,-0.03107776172629151
2025-06-16,3289927.789628223,-0.10248942416036433
2025-06-17,3302009.789628223,0.003672421029449202
2025-06-18,3327559.789628223,0.00773771176580218
2025-06-19,3260554.789628223,-0.02013637747662722
2025-06-20,3326923.789628223,0.020355124904239963
2025-06-23,2540915.2332148342,-0.23625685651826234
2025-06-24,2554516.2332148342,0.005352795647099118
2025-06-25,2549878.2332148342,-0.0018156079572698713
2025-06-26,2520865.2332148342,-0.011378190386535092
2025-06-27,2516139.2332148342,-0.0018747531354434965
2025-06-30,3753543.9112761645,0.49178704490065783
2025-07-01,3740607.9112761645,-0.003446343057593726
2025-07-02,3759870.9112761645,0.005149697711415158
2025-07-03,3740562.9112761645,-0.00513528268805552
2025-07-04,3716399.9112761645,-0.0064597229275730195
2025-07-07,2924841.014979583,-0.21299077472660088
2025-07-08,2953524.014979583,0.009806686877372073
2025-07-09,2979954.014979583,0.008948632164815118
2025-07-10,3008837.014979583,0.009692431445187166
2025-07-11,3046325.014979583,0.012459298996045698
2025-07-14,4266514.404988382,0.40054471666969405
2025-07-15,4205026.404988382,-0.014411764302989072
2025-07-16,4239940.404988382,0.008302920514026146
2025-07-17,4247490.404988382,0.0017806854056527932
2025-07-18,4295659.404988382,0.011340578884752484
2025-07-21,3075703.8459940287,-0.2839972735216545
2025-07-22,3135186.8459940287,0.01933963833269381
2025-07-23,3103615.8459940287,-0.01006989425218463
2025-07-24,3125203.8459940287,0.0069557577584431485
2025-07-25,3082762.8459940287,-0.0135802341515745
2025-07-28,2657070.5424638325,-0.1380879181424456
2025-07-29,2653153.5424638325,-0.0014741799050498328
2025-07-30,2664447.5424638325,0.004256821107123665
2025-07-31,2591621.5424638325,-0.027332495325712913
2025-08-01,2592768.5424638325,0.0004425800531466795
2025-08-04,4210404.55215413,0.6239029759876311
2025-08-05,4237679.55215413,0.006477999836392412
2025-08-06,4242725.55215413,0.0011907460056612695
2025-08-07,4247754.55215413,0.0011853229576554991
2025-08-08,4209150.55215413,-0.009088095728229661
2025-08-11,4320184.918260569,0.026379281218537942
2025-08-12,4299375.918260569,-0.004816691968911879
2025-08-13,4295358.918260569,-0.0009343216495535378
2025-08-14,4292777.918260569,-0.00060088110193246
2025-08-15,4301116.918260569,0.0019425649681357182
2025-08-18,2646718.609814664,-0.3846438820163406
2025-08-19,2749067.609814664,0.038670147865536464
2025-08-20,2850534.609814664,0.036909605146757674
2025-08-21,2835619.609814664,-0.005232351836264804
2025-08-22,2828377.609814664,-0.0025539391725653005
2025-08-25,4761632.125202294,0.683520654625148
2025-08-26,4769870.125202294,0.0017300790534400257
2025-08-27,4689214.125202294,-0.016909475076447578
2025-08-28,4647563.125202294,-0.008882298587335913
2025-08-29,4771251.125202294,0.02661351694811387
2025-09-01,3472615.193384355,-0.27217932943382417
2025-09-02,3420433.193384355,-0.015026715341052266
2025-09-03,3402618.193384355,-0.005208404606310335
2025-09-04,3409401.193384355,0.00199346491862884
2025-09-05,3393104.193384355,-0.004780018271719699
2025-09-08,4403360.467236308,0.2977380641071037
2025-09-09,4401970.467236308,-0.00031566800182325494
2025-09-10,4390871.467236308,-0.0025213708457630934
2025-09-11,4434122.467236308,0.009850208625492574
2025-09-12,4370635.467236308,-0.014317827364738966
2025-09-15,4785514.264807489,0.0949241364742599
2025-09-16,4793405.264807489,0.001648934589544515
2025-09-17,4742536.264807489,-0.010612288590216457
2025-09-18,4682793.264807489,-0.0125972679309444
2025-09-19,4687235.264807489,0.0009485791383068154
2025-09-22,4181877.8921081964,-0.10781566193051928
2025-09-23,4154896.8921081964,-0.006451886137306184
2025-09-24,4157948.8921081964,0.0007345549310253663
2025-09-25,4133210.8921081964,-0.005949568078374656
2025-09-26,4104610.8921081964,-0.006919559815979359
2025-09-29,2795628.47661995,-0.318905360311981
2025-09-30,2772902.47661995,-0.008129120228263287
2025-10-09,3596316.053429071,0.2969500672136247
2025-10-10,3612246.053429071,0.004429532822848303
2025-10-13,2725105.9323500157,-0.24559238433852015
2025-10-14,2756539.9323500157,0.011534964430866212
2025-10-15,2811909.9323500157,0.020086775943345625
2025-10-16,2799872.9323500157,-0.004280720325184895
2025-10-17,2772243.9323500157,-0.00986794782033562
2025-10-20,4056220.878458998,0.4631543895275343
2025-10-21,4041719.878458998,-0.0035750025539804664
2025-10-22,4023286.878458998,-0.004560682222991663
2025-10-23,4019671.878458998,-0.0008985190738833859
2025-10-24,3978172.878458998,-0.010323976994836004
2025-10-27,3388453.1539262645,-0.14823883791625714
2025-10-28,3369332.1539262645,-0.005642987856522175
2025-10-29,3326523.1539262645,-0.012705485254730697
2025-10-30,3340749.1539262645,0.0042765371956630105
2025-10-31,3339395.1539262645,-0.0004052983141247246
2025-11-03,2666529.933066846,-0.2014931416751633
2025-11-04,2646088.933066846,-0.007665768063023548
2025-11-05,2628393.933066846,-0.006687227998603662
2025-11-06,2612415.933066846,-0.006078997443642931
2025-11-07,2601806.933066846,-0.004060991921583268
2025-11-10,3952267.696194005,0.5190472613336152
2025-11-11,3964727.696194005,0.0031526204593881335
2025-11-12,3956394.696194005,-0.002101783688196135
2025-11-13,3988346.696194005,0.00807603953941638
2025-11-14,3928643.696194005,-0.014969360626791328
2025-11-17,2716174.7923128293,-0.3086227710229341
2025-11-18,2682291.7923128293,-0.012474528552394282
2025-11-19,2654014.7923128293,-0.010542104360546811
2025-11-20,2652117.7923128293,-0.0007147661744367761
2025-11-21,2590497.7923128293,-0.023234262135190864
2025-11-24,3017255.1986447903,0.16473953677873876
2025-11-25,3019166.1986447903,0.000633357099147025
2025-11-26,3009111.1986447903,-0.0033303896965041213
2025-11-27,3019841.1986447903,0.003565836983635773
2025-11-28,3026376.1986447903,0.0021640210759865663
2025-12-01,3297703.4999859333,0.08965418822109528
2025-12-02,3294203.4999859333,-0.0010613446600080678
2025-12-03,3273485.4999859333,-0.0062892289441403015
2025-12-04,3244357.4999859333,-0.008898160691447998
2025-12-05,3264213.4999859333,0.006120164007846318
2025-12-08,2558763.0068042646,-0.21611652950541038
2025-12-09,2543155.0068042646,-0.0060998224370507614
2025-12-10,2552438.0068042646,0.0036501904033230392
2025-12-11,2527568.0068042646,-0.009743625480306162
2025-12-12,2531097.0068042646,0.0013962037779002845
2025-12-15,2510719.9463357544,-0.008050683325740327
2025-12-16,2505116.9463357544,-0.00223163081496891
2025-12-17,2478491.9463357544,-0.010628246333547198
2025-12-18,2468817.9463357544,-0.0039031799212833063
2025-12-19,2497654.9463357544,0.011680488649558063
2025-12-22,2520224.4517723494,0.009036278397745123
2025-12-23,2495137.4517723494,-0.009954272121420638
2025-12-24,2494342.4517723494,-0.0003186197215048203
2025-12-25,2515998.4517723494,0.008682047641298096
2025-12-26,2494010.4517723494,-0.008739274058181978
2025-12-29,2472285.0673428075,-0.008711023810707319
2025-12-30,2460589.0673428075,-0.004730846031671732
2025-12-31,2450516.0673428075,-0.004093735168415491
2026-01-05,2461269.121352532,0.00438807733318991
2026-01-06,2476480.121352532,0.006180144978067625
2026-01-07,2464296.121352532,-0.004919886049133959
2026-01-08,2462906.121352532,-0.0005640555889189214
2026-01-09,2478437.121352532,0.006305965081393694
2026-01-12,2507033.3186238846,0.011537995870456896
2026-01-13,2472239.3186238846,-0.013878555080033217
2026-01-14,2473594.3186238846,0.0005480860974067525
2026-01-15,2449759.3186238846,-0.00963577568906282
2026-01-16,2442693.3186238846,-0.0028843649848708797
2026-01-19,2463857.20692996,0.00866416104908252
2026-01-20,2479370.20692996,0.006296225266775757
2026-01-21,2436422.20692996,-0.01732214087269346
2026-01-22,2458528.20692996,0.009073140089235654
2026-01-23,2456152.20692996,-0.0009664318649273973
2026-01-26,3580648.2377658207,0.457828316853951
2026-01-27,3536033.2377658207,-0.0124600343394351
2026-01-28,3568449.2377658207,0.009167334643178204
2026-01-29,3724072.2377658207,0.04361082073215483
2026-01-30,3678755.2377658207,-0.012168668357299905
2026-02-02,3681298.735111917,0.0006914016241104104
2026-02-03,3725401.735111917,0.011980282822295685
2026-02-04,3724157.735111917,-0.00033392371842078106
2026-02-05,3728815.735111917,0.0012507526080551834
2026-02-06,3638265.735111917,-0.02428384946656048
2026-02-09,3686625.399433922,0.013291954970550801
2026-02-10,3633167.399433922,-0.014500523977350244
2026-02-11,3608141.399433922,-0.00688820449173333
2026-02-12,3566616.399433922,-0.011508695309589312
2026-02-13,3542629.399433922,-0.006725421888321703
2026-02-24,2854002.51014852,-0.19438298835193935
2026-02-25,2881371.51014852,0.009589690234216297
2026-02-26,2853669.51014852,-0.009614171550746065
2026-02-27,2869228.51014852,0.005452278178908809
2026-03-02,2423707.3958941884,-0.1552755776260114
2026-03-03,2436277.3958941884,0.005186269605520044
2026-03-04,2412971.3958941884,-0.00956623414036395
2026-03-05,2408124.3958941884,-0.0020087266712931484
2026-03-06,2442867.3958941884,0.014427410834438659
2026-03-09,2408574.647282483,-0.014037908348747186
2026-03-10,2431881.647282483,0.009676677459964367
2026-03-11,2431317.647282483,-0.00023191918103016018
2026-03-12,2430842.647282483,-0.00019536731472780122
2026-03-13,2474880.647282483,0.018116351566084044
2026-03-16,2495421.160517247,0.00829959750071918
2026-03-17,2477239.160517247,-0.007286144835059183
2026-03-18,2473210.160517247,-0.0016264073587302086
2026-03-19,2430932.160517247,-0.01709438230318361
2026-03-20,2395979.160517247,-0.014378434975562127
2026-03-23,2312596.5251964107,-0.034801068679927716
2026-03-24,2366229.5251964107,0.02319168061339405
2026-03-25,2406024.5251964107,0.016817895126507887
2026-03-26,2388911.5251964107,-0.007112562578140413
2026-03-27,2411536.5251964107,0.009470840490059418
2026-03-30,2385920.1414386733,-0.010622432416051097
2026-03-31,2372709.1414386733,-0.005537067134205875
2026-04-01,2391081.1414386733,0.007743047674549919
2026-04-02,2402215.1414386733,0.004656471002611351
2026-04-03,2405737.1414386733,0.0014661467822947305
2026-04-07,2428077.1414386733,0.009286135054073386
2026-04-08,2451143.1414386733,0.009499698179413318
2026-04-09,2427828.1414386733,-0.009511888394374002
2026-04-10,2429051.1414386733,0.000503742410397745
2026-04-13,2414847.1414386733,-0.0058475508224941075
2026-04-14,2377762.1414386733,-0.015357079694040654
2026-04-15,2368932.1414386733,-0.003713575822456905
2026-04-16,2379789.1414386733,0.004583077670349267
2026-04-17,2369740.1414386733,-0.004222643016988048
2026-04-20,2372123.1414386733,0.0010055954905474618
2026-04-21,2326479.1414386733,-0.01924183412009428
2026-04-22,2331628.1414386733,0.0022132156305583184
2026-04-23,2345053.1414386733,0.005757779193605206
2026-04-24,2330294.1414386733,-0.006293674006442984
2026-04-27,2346910.1414386733,0.007130430319728598
2026-04-28,2366032.1414386733,0.008147734189890343
2026-04-29,2387655.1414386733,0.009138929104679061
2026-04-30,2396864.1414386733,0.0038569221493398587
